{ 
    
    "car": [
        {
            "shape": [ 0,18, 2,17, 8,20, 0,22 ]
        },
        {
            "shape": [ 22,0, 24,2, 18,3, 17,0 ]
        },
        {
            "shape": [ 68,38, 63,38, 60,25, 68,28 ]
        },
        {
            "shape": [ 8,20, 2,17, 2,15, 6,15 ]
        },
        {
            "shape": [ 6,38, 19,46, 9,46, 6,43 ]
        },
        {
            "shape": [ 0,36, 4,23, 6,38, 2,38 ]
        },
        {
            "shape": [ 4,23, 23,38, 22,43, 19,46, 6,38 ]
        },
        {
            "shape": [ 46,42, 46,38, 60,25, 63,38, 62,43, 59,46, 49,46 ]
        },
        {
            "shape": [ 4,23, 8,20, 39,6, 44,8, 60,25, 46,38, 23,38 ]
        },
        {
            "shape": [ 8,20, 4,23, 4,21 ]
        },
        {
            "shape": [ 15,4, 18,3, 24,2, 34,2, 39,6, 8,20, 10,10 ]
        },
        {
            "shape": [ 39,6, 34,2, 38,4 ]
        }
    ]
}
