{ "height":6,
 "layers":[
        {
         "data":[0, 0, 0, 0, 0, 0, 0, 0, 0, 0, 0, 0, 0, 0, 0, 0, 0, 0, 0, 0, 0, 0, 0, 0, 0, 0, 0, 0, 0, 0, 0, 0, 0, 0, 0, 0, 0, 0, 0, 0, 0, 0, 0, 0, 0, 0, 0, 0, 0, 0, 0, 0, 0, 0, 0, 0, 0, 0, 0, 0, 0, 0, 0, 0, 0, 0, 0, 0, 0, 0, 0, 0, 0, 0, 0, 0, 0, 0, 0, 0, 0, 0, 0, 0, 0, 0, 0, 0, 0, 0, 0, 0, 0, 0, 0, 0, 0, 0, 0, 0, 0, 0, 0, 0, 0, 0, 0, 0, 0, 0, 0, 0, 0, 0, 0, 0, 0, 0, 0, 0, 39, 38, 10, 11, 0, 0, 0, 0, 0, 0, 0, 0, 0, 0, 0, 0, 0, 0, 0, 0, 0, 0, 0, 0, 0, 0, 0, 0, 0, 0, 0, 0, 46, 0, 0, 15, 23, 29, 29, 23, 29, 29, 29, 22, 0, 0, 0, 0, 15, 10, 11, 0, 0, 0, 0, 15, 23, 23, 45, 46, 0, 0, 15, 29, 45, 46, 0, 0, 15, 45, 36, 36, 36, 36, 36, 36, 36, 36, 36, 36, 36, 36, 36, 36, 36, 36, 36, 36, 36, 36, 29, 29, 29, 29, 29, 29, 29, 29, 29, 29, 29, 29, 29, 29, 29, 29, 29, 29],
         "height":6,
         "name":"platform",
         "offsetx":-139.393939393939,
         "offsety":-48.4848484848485,
         "opacity":1,
         "type":"tilelayer",
         "visible":true,
         "width":38,
         "x":0,
         "y":0
        }, 
        {
         "draworder":"topdown",
         "name":"platformCollide",
         "objects":[
                {
                 "height":0,
                 "id":3,
                 "name":"",
                 "polyline":[
                        {
                         "x":0,
                         "y":0
                        }, 
                        {
                         "x":64,
                         "y":68
                        }, 
                        {
                         "x":217,
                         "y":66
                        }, 
                        {
                         "x":276,
                         "y":-8
                        }, 
                        {
                         "x":424,
                         "y":-6
                        }, 
                        {
                         "x":491,
                         "y":-74
                        }, 
                        {
                         "x":702,
                         "y":-75
                        }, 
                        {
                         "x":696,
                         "y":-52
                        }, 
                        {
                         "x":636,
                         "y":-4
                        }, 
                        {
                         "x":768,
                         "y":-4
                        }, 
                        {
                         "x":840,
                         "y":64
                        }, 
                        {
                         "x":1122,
                         "y":66
                        }, 
                        {
                         "x":1143.25,
                         "y":49.75
                        }, 
                        {
                         "x":1157.5,
                         "y":30.5
                        }, 
                        {
                         "x":1193,
                         "y":-1
                        }, 
                        {
                         "x":1262.5,
                         "y":-6.5
                        }, 
                        {
                         "x":1332,
                         "y":-2
                        }, 
                        {
                         "x":1325,
                         "y":49
                        }, 
                        {
                         "x":1264,
                         "y":68
                        }, 
                        {
                         "x":1609.33333333333,
                         "y":68
                        }, 
                        {
                         "x":1681.33333333333,
                         "y":-5.33333333333337
                        }, 
                        {
                         "x":1884,
                         "y":-4
                        }, 
                        {
                         "x":1960,
                         "y":64
                        }, 
                        {
                         "x":2088,
                         "y":64
                        }, 
                        {
                         "x":2125,
                         "y":51
                        }, 
                        {
                         "x":2128,
                         "y":27
                        }, 
                        {
                         "x":2156,
                         "y":16
                        }, 
                        {
                         "x":2175,
                         "y":-4
                        }, 
                        {
                         "x":2310,
                         "y":-5
                        }, 
                        {
                         "x":2380,
                         "y":66
                        }, 
                        {
                         "x":2524,
                         "y":65
                        }, 
                        {
                         "x":2584,
                         "y":-4
                        }, 
                        {
                         "x":2656,
                         "y":-8
                        }, 
                        {
                         "x":2652,
                         "y":124
                        }, 
                        {
                         "x":0,
                         "y":136
                        }, 
                        {
                         "x":-4,
                         "y":-12
                        }],
                 "rotation":0,
                 "type":"",
                 "visible":true,
                 "width":0,
                 "x":0,
                 "y":284
                }],
         "offsetx":-140,
         "offsety":-48,
         "opacity":1,
         "type":"objectgroup",
         "visible":true,
         "x":0,
         "y":0
        }],
 "nextobjectid":4,
 "orientation":"orthogonal",
 "properties":
    {
     "wheelX":null,
     "wheelY":"26",
     "xList":null
    },
 "propertytypes":
    {
     "wheelX":"",
     "wheelY":"string",
     "xList":""
    },
 "renderorder":"right-down",
 "tileheight":70,
 "tilesets":[
        {
         "columns":7,
         "firstgid":1,
         "image":"platform.png",
         "imageheight":512,
         "imagewidth":512,
         "margin":0,
         "name":"platformTiles",
         "spacing":0,
         "tilecount":49,
         "tileheight":70,
         "tilewidth":70
        }],
 "tilewidth":70,
 "type":"map",
 "version":"2017.05.26",
 "width":38
}