{ "height":6,
 "layers":[
        {
         "data":[0, 0, 0, 0, 0, 0, 0, 0, 0, 0, 0, 0, 0, 0, 0, 0, 0, 0, 0, 0, 0, 0, 0, 0, 0, 0, 0, 0, 0, 0, 0, 0, 0, 0, 0, 0, 0, 0, 0, 0, 0, 0, 0, 0, 0, 0, 0, 50, 51, 51, 52, 0, 0, 0, 0, 0, 0, 50, 51, 51, 52, 0, 0, 0, 0, 0, 0, 0, 0, 0, 0, 0, 0, 0, 0, 0, 0, 0, 0, 0, 0, 0, 0, 0, 0, 0, 0, 0, 0, 0, 0, 0, 0, 0, 0, 0, 0, 0, 0, 0, 0, 0, 50, 51, 51, 52, 0, 0, 0, 0, 0, 0, 0, 0, 0, 0, 0, 0, 0, 0, 39, 19, 19, 11, 0, 0, 0, 0, 0, 0, 0, 0, 0, 0, 0, 0, 0, 0, 0, 0, 0, 0, 0, 0, 0, 0, 0, 0, 0, 0, 0, 0, 46, 0, 0, 39, 19, 19, 38, 29, 10, 19, 19, 46, 0, 0, 0, 0, 15, 10, 11, 0, 0, 0, 0, 39, 19, 19, 19, 46, 0, 0, 15, 10, 19, 46, 0, 0, 15, 10, 45, 19, 19, 38, 43, 36, 36, 36, 2, 29, 29, 45, 46, 0, 15, 29, 43, 36, 2, 22, 0, 0, 15, 43, 36, 36, 2, 29, 43, 36, 36, 36, 2, 29, 29, 43, 36, 9],
         "height":6,
         "name":"platform",
         "offsetx":-139.393939393939,
         "offsety":-48.4848484848485,
         "opacity":1,
         "type":"tilelayer",
         "visible":true,
         "width":38,
         "x":0,
         "y":0
        }, 
        {
         "draworder":"topdown",
         "name":"platformCollide",
         "objects":[
                {
                 "height":0,
                 "id":3,
                 "name":"",
                 "polyline":[
                        {
                         "x":-3.33333333333334,
                         "y":-8
                        }, 
                        {
                         "x":69.9710144927536,
                         "y":65.463768115942
                        }, 
                        {
                         "x":210.95652173913,
                         "y":65.4202898550724
                        }, 
                        {
                         "x":280.424242424242,
                         "y":-4.5454545454545
                        }, 
                        {
                         "x":420.596837944664,
                         "y":-4.604743083004
                        }, 
                        {
                         "x":490.858695652174,
                         "y":-74.6887351778656
                        }, 
                        {
                         "x":694.832015810277,
                         "y":-74.4169960474308
                        }, 
                        {
                         "x":700.259881422925,
                         "y":-68.9748023715415
                        }, 
                        {
                         "x":700.363636363636,
                         "y":-48.1818181818182
                        }, 
                        {
                         "x":699.238636363636,
                         "y":-40.4886363636363
                        }, 
                        {
                         "x":688.590909090909,
                         "y":-24.3181818181818
                        }, 
                        {
                         "x":672.227272727273,
                         "y":-13.6704545454546
                        }, 
                        {
                         "x":654.238636363636,
                         "y":-8.02272727272725
                        }, 
                        {
                         "x":632.875,
                         "y":-4.5
                        }, 
                        {
                         "x":770.363636363636,
                         "y":-4.36363636363637
                        }, 
                        {
                         "x":840,
                         "y":64
                        }, 
                        {
                         "x":910.287878787879,
                         "y":134.80303030303
                        }, 
                        {
                         "x":981.640624999999,
                         "y":135.460227272727
                        }, 
                        {
                         "x":1003.57765151515,
                         "y":122.098484848484
                        }, 
                        {
                         "x":1014.00189393939,
                         "y":94.3560606060606
                        }, 
                        {
                         "x":1036.00757575758,
                         "y":88.7878787878788
                        }, 
                        {
                         "x":1050.67992424243,
                         "y":65.6325757575758
                        }, 
                        {
                         "x":1120.625,
                         "y":65.75
                        }, 
                        {
                         "x":1145.25,
                         "y":50.625
                        }, 
                        {
                         "x":1153.59090909091,
                         "y":24.4090909090909
                        }, 
                        {
                         "x":1175.75,
                         "y":18.4318181818182
                        }, 
                        {
                         "x":1191,
                         "y":-5
                        }, 
                        {
                         "x":1325.59090909091,
                         "y":-4.31818181818181
                        }, 
                        {
                         "x":1330.36363636364,
                         "y":1.09090909090907
                        }, 
                        {
                         "x":1330.22727272727,
                         "y":25.5
                        }, 
                        {
                         "x":1316.15909090909,
                         "y":47.6136363636364
                        }, 
                        {
                         "x":1297.18181818182,
                         "y":58.0909090909091
                        }, 
                        {
                         "x":1264.72727272727,
                         "y":65.2727272727273
                        }, 
                        {
                         "x":1330.18181818181,
                         "y":65.6287878787879
                        }, 
                        {
                         "x":1344.71164772727,
                         "y":88.3589015151516
                        }, 
                        {
                         "x":1367.24147727272,
                         "y":94.0890151515152
                        }, 
                        {
                         "x":1376.76420454545,
                         "y":121.028409090909
                        }, 
                        {
                         "x":1399.69997529644,
                         "y":135.163455204216
                        }, 
                        {
                         "x":1542.15909090909,
                         "y":134.746212121212
                        }, 
                        {
                         "x":1564.35037878788,
                         "y":121.59375
                        }, 
                        {
                         "x":1573.41666666667,
                         "y":95.4412878787879
                        }, 
                        {
                         "x":1595.85795454545,
                         "y":89.0388257575758
                        }, 
                        {
                         "x":1610.42424242424,
                         "y":65.6363636363637
                        }, 
                        {
                         "x":1681.33333333333,
                         "y":-5.33333333333337
                        }, 
                        {
                         "x":1891.33333333333,
                         "y":-4
                        }, 
                        {
                         "x":1960.5,
                         "y":65.5
                        }, 
                        {
                         "x":2029.90909090909,
                         "y":65.4943181818182
                        }, 
                        {
                         "x":2101.5,
                         "y":65.125
                        }, 
                        {
                         "x":2123.375,
                         "y":52.25
                        }, 
                        {
                         "x":2132.625,
                         "y":24.5
                        }, 
                        {
                         "x":2155.875,
                         "y":18.125
                        }, 
                        {
                         "x":2171.36363636364,
                         "y":-4.36363636363637
                        }, 
                        {
                         "x":2310,
                         "y":-5
                        }, 
                        {
                         "x":2380.09090909091,
                         "y":65.2727272727273
                        }, 
                        {
                         "x":2520.75,
                         "y":65
                        }, 
                        {
                         "x":2543.8125,
                         "y":50.75
                        }, 
                        {
                         "x":2553.21590909091,
                         "y":25
                        }, 
                        {
                         "x":2576.19886363636,
                         "y":18.5454545454546
                        }, 
                        {
                         "x":2590.36363636364,
                         "y":-4.36363636363637
                        }, 
                        {
                         "x":2660.72727272727,
                         "y":-4.45454545454544
                        }, 
                        {
                         "x":2660,
                         "y":136
                        }, 
                        {
                         "x":0,
                         "y":136
                        }, 
                        {
                         "x":-4,
                         "y":-12
                        }],
                 "rotation":0,
                 "type":"",
                 "visible":true,
                 "width":0,
                 "x":0,
                 "y":284
                }, 
                {
                 "height":0,
                 "id":29,
                 "name":"",
                 "polyline":[
                        {
                         "x":0,
                         "y":0
                        }, 
                        {
                         "x":57.3333333333334,
                         "y":-10.3333333333333
                        }, 
                        {
                         "x":126.666666666667,
                         "y":-10
                        }, 
                        {
                         "x":212,
                         "y":-9.66666666666666
                        }, 
                        {
                         "x":224,
                         "y":-8.66666666666666
                        }, 
                        {
                         "x":263.666666666667,
                         "y":-2
                        }],
                 "rotation":0,
                 "type":"",
                 "visible":true,
                 "width":0,
                 "x":643.333333333333,
                 "y":88.6666666666667
                }, 
                {
                 "height":0,
                 "id":30,
                 "name":"",
                 "polyline":[
                        {
                         "x":0,
                         "y":0
                        }, 
                        {
                         "x":47.5,
                         "y":-8
                        }, 
                        {
                         "x":193.5,
                         "y":-8
                        }, 
                        {
                         "x":205.5,
                         "y":-8
                        }, 
                        {
                         "x":245,
                         "y":0
                        }],
                 "rotation":0,
                 "type":"",
                 "visible":true,
                 "width":0,
                 "x":651.5,
                 "y":137
                }, 
                {
                 "height":0,
                 "id":34,
                 "name":"",
                 "polyline":[
                        {
                         "x":0,
                         "y":0
                        }, 
                        {
                         "x":57.3333,
                         "y":-10.3333
                        }, 
                        {
                         "x":126.667,
                         "y":-10
                        }, 
                        {
                         "x":212,
                         "y":-9.66667
                        }, 
                        {
                         "x":224,
                         "y":-8.66667
                        }, 
                        {
                         "x":263.667,
                         "y":-2
                        }],
                 "rotation":0,
                 "type":"",
                 "visible":true,
                 "width":0,
                 "x":1343.66633333333,
                 "y":88.5000333333333
                }, 
                {
                 "height":0,
                 "id":35,
                 "name":"",
                 "polyline":[
                        {
                         "x":0,
                         "y":0
                        }, 
                        {
                         "x":47.5,
                         "y":-8
                        }, 
                        {
                         "x":193.5,
                         "y":-8
                        }, 
                        {
                         "x":205.5,
                         "y":-8
                        }, 
                        {
                         "x":245,
                         "y":0
                        }],
                 "rotation":0,
                 "type":"",
                 "visible":true,
                 "width":0,
                 "x":1351.83333333333,
                 "y":136.833333333333
                }, 
                {
                 "height":0,
                 "id":36,
                 "name":"",
                 "polyline":[
                        {
                         "x":0,
                         "y":0
                        }, 
                        {
                         "x":57.3333,
                         "y":-10.3333
                        }, 
                        {
                         "x":126.667,
                         "y":-10
                        }, 
                        {
                         "x":212,
                         "y":-9.66667
                        }, 
                        {
                         "x":224,
                         "y":-8.66667
                        }, 
                        {
                         "x":263.667,
                         "y":-2
                        }],
                 "rotation":0,
                 "type":"",
                 "visible":true,
                 "width":0,
                 "x":1833.25666666667,
                 "y":159.500333333333
                }, 
                {
                 "height":0,
                 "id":37,
                 "name":"",
                 "polyline":[
                        {
                         "x":0,
                         "y":0
                        }, 
                        {
                         "x":47.5,
                         "y":-8
                        }, 
                        {
                         "x":193.5,
                         "y":-8
                        }, 
                        {
                         "x":205.5,
                         "y":-8
                        }, 
                        {
                         "x":245,
                         "y":0
                        }],
                 "rotation":0,
                 "type":"",
                 "visible":true,
                 "width":0,
                 "x":1841.41666666667,
                 "y":207.833333333333
                }],
         "offsetx":-140,
         "offsety":-48,
         "opacity":1,
         "type":"objectgroup",
         "visible":true,
         "x":0,
         "y":0
        }],
 "nextobjectid":38,
 "orientation":"orthogonal",
 "properties":
    {
     "wheelX":[{"start":8,"end":25},{"start":73,"end":90}],
     "wheelY":"14",
     "xList":null
    },
 "propertytypes":
    {
     "wheelX":"",
     "wheelY":"string",
     "xList":""
    },
 "renderorder":"right-down",
 "tileheight":70,
 "tilesets":[
        {
         "columns":7,
         "firstgid":1,
         "image":"platform.png",
         "imageheight":512,
         "imagewidth":512,
         "margin":0,
         "name":"platformTiles",
         "spacing":0,
         "tilecount":49,
         "tileheight":70,
         "tilewidth":70
        }, 
        {
         "columns":3,
         "firstgid":50,
         "image":"tube.png",
         "imageheight":70,
         "imagewidth":210,
         "margin":0,
         "name":"tubeTiles",
         "spacing":0,
         "tilecount":3,
         "tileheight":70,
         "tilewidth":70
        }],
 "tilewidth":70,
 "type":"map",
 "version":"2017.05.26",
 "width":38
}