{
  "categories": [{
    "name": "Lain-lain",
    "url": "/c/perlengkapan-bayi/furniture/lain-lain-726",
    "count": "427",
    "sub": null
  }, {
    "name": "Baby Crib",
    "url": "/c/perlengkapan-bayi/furniture/baby-crib",
    "count": "119",
    "sub": null
  }, {
    "name": "Drawer",
    "url": "/c/perlengkapan-bayi/furniture/drawer",
    "count": "19",
    "sub": null
  }, {
    "name": "Lemari",
    "url": "/c/perlengkapan-bayi/furniture/lemari",
    "count": "15",
    "sub": null
  }]
}