{
  "categories": [{
    "name": "Susu",
    "url": "/c/perlengkapan-bayi/makanan-711/susu",
    "count": "1985",
    "sub": null
  }, {
    "name": "Lain-lain",
    "url": "/c/perlengkapan-bayi/makanan-711/lain-lain-744",
    "count": "582",
    "sub": null
  }, {
    "name": "Bubur &amp; Sup",
    "url": "/c/perlengkapan-bayi/makanan-711/bubur-sup",
    "count": "440",
    "sub": null
  }, {
    "name": "Vitamin &amp; Suplemen",
    "url": "/c/perlengkapan-bayi/makanan-711/vitamin-suplemen",
    "count": "359",
    "sub": null
  }, {
    "name": "Biskuit &amp; Snack",
    "url": "/c/perlengkapan-bayi/makanan-711/biskuit-snack",
    "count": "311",
    "sub": null
  }, {
    "name": "Sereal",
    "url": "/c/perlengkapan-bayi/makanan-711/sereal",
    "count": "123",
    "sub": null
  }, {
    "name": "Jus",
    "url": "/c/perlengkapan-bayi/makanan-711/jus",
    "count": "2",
    "sub": null
  }]
}