{
  "categories": [{
    "name": "Setelan",
    "url": "/c/perlengkapan-bayi/pakaian-bayi/setelan",
    "count": "13131",
    "sub": null
  }, {
    "name": "Sepatu",
    "url": "/c/perlengkapan-bayi/pakaian-bayi/sepatu-319",
    "count": "7051",
    "sub": null
  }, {
    "name": "Dress",
    "url": "/c/perlengkapan-bayi/pakaian-bayi/dress-308",
    "count": "6620",
    "sub": null
  }, {
    "name": "Jumper",
    "url": "/c/perlengkapan-bayi/pakaian-bayi/jumper",
    "count": "5913",
    "sub": null
  }, {
    "name": "Top",
    "url": "/c/perlengkapan-bayi/pakaian-bayi/top-307",
    "count": "4587",
    "sub": null
  }, {
    "name": "Celana",
    "url": "/c/perlengkapan-bayi/pakaian-bayi/celana-317",
    "count": "4219",
    "sub": null
  }, {
    "name": "Accessories",
    "url": "/c/perlengkapan-bayi/pakaian-bayi/accessories-321",
    "count": "2925",
    "sub": null
  }, {
    "name": "Topi",
    "url": "/c/perlengkapan-bayi/pakaian-bayi/topi-738",
    "count": "2659",
    "sub": null
  }, {
    "name": "Kaus Kaki",
    "url": "/c/perlengkapan-bayi/pakaian-bayi/kaus-kaki",
    "count": "2353",
    "sub": null
  }, {
    "name": "Sleepwear",
    "url": "/c/perlengkapan-bayi/pakaian-bayi/sleepwear",
    "count": "2133",
    "sub": null
  }, {
    "name": "Bag",
    "url": "/c/perlengkapan-bayi/pakaian-bayi/bag-320",
    "count": "1862",
    "sub": null
  }, {
    "name": "Baju Muslim",
    "url": "/c/perlengkapan-bayi/pakaian-bayi/baju-muslim",
    "count": "1559",
    "sub": null
  }, {
    "name": "Coat &amp; Jacket",
    "url": "/c/perlengkapan-bayi/pakaian-bayi/coat-jacket",
    "count": "1475",
    "sub": null
  }, {
    "name": "Pakaian Dalam",
    "url": "/c/perlengkapan-bayi/pakaian-bayi/pakaian-dalam-315",
    "count": "1060",
    "sub": null
  }, {
    "name": "Rok",
    "url": "/c/perlengkapan-bayi/pakaian-bayi/rok-316",
    "count": "579",
    "sub": null
  }, {
    "name": "Sweater",
    "url": "/c/perlengkapan-bayi/pakaian-bayi/sweater-313",
    "count": "361",
    "sub": null
  }, {
    "name": "Swimwear",
    "url": "/c/perlengkapan-bayi/pakaian-bayi/swimwear",
    "count": "332",
    "sub": null
  }, {
    "name": "Sendal",
    "url": "/c/perlengkapan-bayi/pakaian-bayi/sendal",
    "count": "216",
    "sub": null
  }]
}