{
  "categories": [{
    "name": "Kaos",
    "url": "/c/fashion/anak-unisex/kaos-1468",
    "count": 24147,
    "sub": null
  }, {
    "name": "Setelan",
    "url": "/c/fashion/anak-unisex/setelan-1504",
    "count": 22881,
    "sub": null
  }, {
    "name": "Tas",
    "url": "/c/fashion/anak-unisex/tas-1495",
    "count": 8741,
    "sub": null
  }, {
    "name": "Sepatu",
    "url": "/c/fashion/anak-unisex/sepatu-1492",
    "count": 5802,
    "sub": null
  }, {
    "name": "Aksesoris",
    "url": "/c/fashion/anak-unisex/aksesoris-1498",
    "count": 2203,
    "sub": null
  }, {
    "name": "Coat &amp; Jacket",
    "url": "/c/fashion/anak-unisex/coat-jacket-1474",
    "count": 1942,
    "sub": null
  }, {
    "name": "Sendal",
    "url": "/c/fashion/anak-unisex/sendal-1489",
    "count": 1117,
    "sub": null
  }, {
    "name": "Celana",
    "url": "/c/fashion/anak-unisex/celana-1477",
    "count": 987,
    "sub": null
  }, {
    "name": "Topi",
    "url": "/c/fashion/anak-unisex/topi-1465",
    "count": 874,
    "sub": null
  }, {
    "name": "Dress",
    "url": "/c/fashion/anak-unisex/dress-1471",
    "count": 799,
    "sub": null
  }, {
    "name": "Piyama",
    "url": "/c/fashion/anak-unisex/piyama-1501",
    "count": 511,
    "sub": null
  }, {
    "name": "Kaos Kaki",
    "url": "/c/fashion/anak-unisex/kaos-kaki-1486",
    "count": 412,
    "sub": null
  }, {
    "name": "Pakaian Renang",
    "url": "/c/fashion/anak-unisex/pakaian-renang-1507",
    "count": 323,
    "sub": null
  }, {
    "name": "Pakaian Dalam",
    "url": "/c/fashion/anak-unisex/pakaian-dalam-1483",
    "count": 198,
    "sub": null
  }, {
    "name": "Rok",
    "url": "/c/fashion/anak-unisex/rok-1480",
    "count": 33,
    "sub": null
  }]
}