{
  "categories": [{
    "name": "Setelan",
    "url": "/c/fashion/anak-laki-laki/setelan-1459",
    "count": 20218,
    "sub": null
  }, {
    "name": "Kaos",
    "url": "/c/fashion/anak-laki-laki/kaos-1423",
    "count": 10322,
    "sub": null
  }, {
    "name": "Sepatu",
    "url": "/c/fashion/anak-laki-laki/sepatu-1447",
    "count": 6678,
    "sub": null
  }, {
    "name": "Jaket",
    "url": "/c/fashion/anak-laki-laki/jaket-1429",
    "count": 4510,
    "sub": null
  }, {
    "name": "Tas",
    "url": "/c/fashion/anak-laki-laki/tas-1450",
    "count": 4032,
    "sub": null
  }, {
    "name": "Celana",
    "url": "/c/fashion/anak-laki-laki/celana-1432",
    "count": 2404,
    "sub": null
  }, {
    "name": "Piyama",
    "url": "/c/fashion/anak-laki-laki/piyama-1456",
    "count": 1779,
    "sub": null
  }, {
    "name": "Sendal",
    "url": "/c/fashion/anak-laki-laki/sendal-1444",
    "count": 1302,
    "sub": null
  }, {
    "name": "Aksesoris",
    "url": "/c/fashion/anak-laki-laki/aksesoris-1453",
    "count": 740,
    "sub": null
  }, {
    "name": "Topi",
    "url": "/c/fashion/anak-laki-laki/topi-1420",
    "count": 616,
    "sub": null
  }, {
    "name": "Pakaian Dalam",
    "url": "/c/fashion/anak-laki-laki/pakaian-dalam-1438",
    "count": 615,
    "sub": null
  }, {
    "name": "Dress",
    "url": "/c/fashion/anak-laki-laki/dress-1426",
    "count": 521,
    "sub": null
  }, {
    "name": "Pakaian Renang",
    "url": "/c/fashion/anak-laki-laki/pakaian-renang-1462",
    "count": 319,
    "sub": null
  }, {
    "name": "Kaos Kaki",
    "url": "/c/fashion/anak-laki-laki/kaos-kaki-1441",
    "count": 135,
    "sub": null
  }]
}