{
  "categories": [{
    "name": "Dress",
    "url": "/c/fashion/anak-perempuan/dress-1381",
    "count": 19711,
    "sub": null
  }, {
    "name": "Setelan",
    "url": "/c/fashion/anak-perempuan/setelan-1414",
    "count": 16054,
    "sub": null
  }, {
    "name": "Tas",
    "url": "/c/fashion/anak-perempuan/tas-1405",
    "count": 9207,
    "sub": null
  }, {
    "name": "Sepatu",
    "url": "/c/fashion/anak-perempuan/sepatu-1402",
    "count": 8451,
    "sub": null
  }, {
    "name": "Kaos",
    "url": "/c/fashion/anak-perempuan/kaos-1378",
    "count": 6836,
    "sub": null
  }, {
    "name": "Coat &amp; Jacket",
    "url": "/c/fashion/anak-perempuan/coat-jacket-1384",
    "count": 4362,
    "sub": null
  }, {
    "name": "Aksesoris",
    "url": "/c/fashion/anak-perempuan/aksesoris-1408",
    "count": 4070,
    "sub": null
  }, {
    "name": "Celana",
    "url": "/c/fashion/anak-perempuan/celana-1387",
    "count": 3337,
    "sub": null
  }, {
    "name": "Piyama",
    "url": "/c/fashion/anak-perempuan/piyama-1411",
    "count": 2084,
    "sub": null
  }, {
    "name": "Sendal",
    "url": "/c/fashion/anak-perempuan/sendal-1399",
    "count": 1887,
    "sub": null
  }, {
    "name": "Rok",
    "url": "/c/fashion/anak-perempuan/rok-1390",
    "count": 1562,
    "sub": null
  }, {
    "name": "Pakaian Dalam",
    "url": "/c/fashion/anak-perempuan/pakaian-dalam-1393",
    "count": 1292,
    "sub": null
  }, {
    "name": "Pakaian Renang",
    "url": "/c/fashion/anak-perempuan/pakaian-renang-1417",
    "count": 783,
    "sub": null
  }, {
    "name": "Topi",
    "url": "/c/fashion/anak-perempuan/topi-1375",
    "count": 445,
    "sub": null
  }, {
    "name": "Kaos Kaki",
    "url": "/c/fashion/anak-perempuan/kaos-kaki-1396",
    "count": 308,
    "sub": null
  }]
}