{
  "categories": [{
    "name": "Baju Muslim Wanita",
    "url": "/c/fashion/busana-muslim/baju-muslim-wanita",
    "count": 196349,
    "sub": null
  }, {
    "name": "Jilbab",
    "url": "/c/fashion/busana-muslim/jilbab",
    "count": 98190,
    "sub": null
  }, {
    "name": "Mukena",
    "url": "/c/fashion/busana-muslim/mukena",
    "count": 40691,
    "sub": null
  }, {
    "name": "Baju Muslim Anak",
    "url": "/c/fashion/busana-muslim/baju-muslim-anak",
    "count": 16728,
    "sub": null
  }, {
    "name": "Baju Muslim Pria",
    "url": "/c/fashion/busana-muslim/baju-muslim-pria",
    "count": 9962,
    "sub": null
  }, {
    "name": "Baju Muslim Couple",
    "url": "/c/fashion/busana-muslim/baju-muslim-couple",
    "count": 7087,
    "sub": null
  }, {
    "name": "Sarung",
    "url": "/c/fashion/busana-muslim/sarung",
    "count": 6352,
    "sub": null
  }, {
    "name": "Peci",
    "url": "/c/fashion/busana-muslim/peci",
    "count": 616,
    "sub": null
  }]
}