{
  "categories": [{
    "name": "Kaos",
    "url": "/c/fashion/couple/kaos-944",
    "count": 70014,
    "sub": null
  }, {
    "name": "Jam Tangan",
    "url": "/c/fashion/couple/jam-tangan-947",
    "count": 30949,
    "sub": null
  }, {
    "name": "Perhiasan &amp; Aksesoris",
    "url": "/c/fashion/couple/perhiasan-aksesoris-956",
    "count": 19334,
    "sub": null
  }, {
    "name": "Dress",
    "url": "/c/fashion/couple/dress-962",
    "count": 15170,
    "sub": null
  }, {
    "name": "Batik",
    "url": "/c/fashion/couple/batik",
    "count": 11810,
    "sub": null
  }, {
    "name": "Jaket",
    "url": "/c/fashion/couple/jaket-950",
    "count": 10915,
    "sub": null
  }, {
    "name": "Sweater",
    "url": "/c/fashion/couple/sweater-965",
    "count": 8323,
    "sub": null
  }, {
    "name": "Kemeja",
    "url": "/c/fashion/couple/kemeja-959",
    "count": 4219,
    "sub": null
  }, {
    "name": "Topi",
    "url": "/c/fashion/couple/topi-1011",
    "count": 1522,
    "sub": null
  }, {
    "name": "Polo Shirt",
    "url": "/c/fashion/couple/polo-shirt-953",
    "count": 601,
    "sub": null
  }, {
    "name": "Kaos Kaki",
    "url": "/c/fashion/couple/kaos-kaki-1118",
    "count": 390,
    "sub": null
  }]
}