{
  "categories": [{
    "name": "Kaos",
    "url": "/c/fashion/pria/kaos-165",
    "count": 459781,
    "sub": null
  }, {
    "name": "Sepatu",
    "url": "/c/fashion/pria/sepatu-169",
    "count": 455493,
    "sub": null
  }, {
    "name": "Jam Tangan",
    "url": "/c/fashion/pria/jam-tangan-171",
    "count": 407952,
    "sub": null
  }, {
    "name": "Jaket",
    "url": "/c/fashion/pria/jaket",
    "count": 129784,
    "sub": null
  }, {
    "name": "Kemeja",
    "url": "/c/fashion/pria/kemeja",
    "count": 89877,
    "sub": null
  }, {
    "name": "Sweater",
    "url": "/c/fashion/pria/sweater-297",
    "count": 87146,
    "sub": null
  }, {
    "name": "Tas Pria",
    "url": "/c/fashion/pria/tas-pria",
    "count": 59416,
    "sub": null
  }, {
    "name": "Kacamata",
    "url": "/c/fashion/pria/kacamata-172",
    "count": 30751,
    "sub": null
  }, {
    "name": "Polo Shirt",
    "url": "/c/fashion/pria/polo-shirt",
    "count": 30259,
    "sub": null
  }, {
    "name": "Perhiasan &amp; Aksesoris",
    "url": "/c/fashion/pria/perhiasan-aksesoris-170",
    "count": 27287,
    "sub": null
  }, {
    "name": "Celana",
    "url": "/c/fashion/pria/celana-299",
    "count": 26603,
    "sub": null
  }, {
    "name": "Jeans",
    "url": "/c/fashion/pria/jeans",
    "count": 18425,
    "sub": null
  }, {
    "name": "Dompet",
    "url": "/c/fashion/pria/dompet-302",
    "count": 17173,
    "sub": null
  }, {
    "name": "Topi",
    "url": "/c/fashion/pria/topi",
    "count": 16698,
    "sub": null
  }, {
    "name": "Sendal",
    "url": "/c/fashion/pria/sendal-303",
    "count": 13425,
    "sub": null
  }, {
    "name": "Jas",
    "url": "/c/fashion/pria/jas",
    "count": 9360,
    "sub": null
  }, {
    "name": "Ikat Pinggang",
    "url": "/c/fashion/pria/ikat-pinggang-1089",
    "count": 7480,
    "sub": null
  }, {
    "name": "Pakaian Dalam",
    "url": "/c/fashion/pria/pakaian-dalam",
    "count": 6419,
    "sub": null
  }, {
    "name": "Sarung Tangan",
    "url": "/c/fashion/pria/sarung-tangan",
    "count": 1209,
    "sub": null
  }, {
    "name": "Kaos Kaki",
    "url": "/c/fashion/pria/kaos-kaki-1117",
    "count": 732,
    "sub": null
  }]
}