{
  "categories": [{
    "name": "Sepatu",
    "url": "/c/fashion/wanita/sepatu-16",
    "count": 441838,
    "sub": null
  }, {
    "name": "Tas Wanita",
    "url": "/c/fashion/wanita/tas-wanita",
    "count": 405480,
    "sub": null
  }, {
    "name": "Dress",
    "url": "/c/fashion/wanita/dress",
    "count": 231207,
    "sub": null
  }, {
    "name": "Jam Tangan",
    "url": "/c/fashion/wanita/jam-tangan",
    "count": 222951,
    "sub": null
  }, {
    "name": "Kemeja, Blouse",
    "url": "/c/fashion/wanita/kemeja-blouse",
    "count": 165564,
    "sub": null
  }, {
    "name": "Perhiasan &amp; Aksesoris",
    "url": "/c/fashion/wanita/perhiasan-aksesoris",
    "count": 102467,
    "sub": null
  }, {
    "name": "Sendal",
    "url": "/c/fashion/wanita/sendal-294",
    "count": 81906,
    "sub": null
  }, {
    "name": "Kaos",
    "url": "/c/fashion/wanita/kaos",
    "count": 63595,
    "sub": null
  }, {
    "name": "Kebaya",
    "url": "/c/fashion/wanita/kebaya",
    "count": 57106,
    "sub": null
  }, {
    "name": "Kacamata",
    "url": "/c/fashion/wanita/kacamata",
    "count": 46217,
    "sub": null
  }, {
    "name": "Jaket",
    "url": "/c/fashion/wanita/jaket-284",
    "count": 44918,
    "sub": null
  }, {
    "name": "Pakaian Dalam, Lingerie",
    "url": "/c/fashion/wanita/pakaian-dalam-lingerie",
    "count": 37279,
    "sub": null
  }, {
    "name": "Bolero, Cardigan",
    "url": "/c/fashion/wanita/bolero-cardigan",
    "count": 35653,
    "sub": null
  }, {
    "name": "Sweater",
    "url": "/c/fashion/wanita/sweater",
    "count": 34220,
    "sub": null
  }, {
    "name": "Dompet",
    "url": "/c/fashion/wanita/dompet",
    "count": 31235,
    "sub": null
  }, {
    "name": "Celana",
    "url": "/c/fashion/wanita/celana",
    "count": 30059,
    "sub": null
  }, {
    "name": "Rok",
    "url": "/c/fashion/wanita/rok",
    "count": 18047,
    "sub": null
  }, {
    "name": "Jeans",
    "url": "/c/fashion/wanita/jeans-1093",
    "count": 12178,
    "sub": null
  }, {
    "name": "Baju Hamil",
    "url": "/c/fashion/wanita/baju-hamil",
    "count": 9200,
    "sub": null
  }, {
    "name": "Legging &amp; Stocking",
    "url": "/c/fashion/wanita/legging-stocking",
    "count": 5445,
    "sub": null
  }, {
    "name": "Bikini",
    "url": "/c/fashion/wanita/bikini",
    "count": 3501,
    "sub": null
  }, {
    "name": "Topi",
    "url": "/c/fashion/wanita/topi-1096",
    "count": 1748,
    "sub": null
  }, {
    "name": "Kaos Kaki",
    "url": "/c/fashion/wanita/kaos-kaki",
    "count": 1599,
    "sub": null
  }, {
    "name": "Ikat Pinggang",
    "url": "/c/fashion/wanita/ikat-pinggang",
    "count": 1471,
    "sub": null
  }, {
    "name": "Polo Shirt",
    "url": "/c/fashion/wanita/polo-shirt-1099",
    "count": 1408,
    "sub": null
  }, {
    "name": "Sarung Tangan",
    "url": "/c/fashion/wanita/sarung-tangan-935",
    "count": 680,
    "sub": null
  }]
}