{
  "categories": [{
    "name": "Ring / Emban Cincin",
    "url": "/c/batu-cincin/aksesoris-perkakas/ring-emban-cincin",
    "count": 8532,
    "sub": null
  }, {
    "name": "Alat Pemoles / Pengasah / Pemotong Batu Mulia",
    "url": "/c/batu-cincin/aksesoris-perkakas/alat-pemoles-pengasah-pemotong-batu-mulia",
    "count": 3263,
    "sub": null
  }, {
    "name": "Lain-lain",
    "url": "/c/batu-cincin/aksesoris-perkakas/lain-lain-1330",
    "count": 2491,
    "sub": null
  }, {
    "name": "Kotak &amp; Dompet Cincin",
    "url": "/c/batu-cincin/aksesoris-perkakas/kotak-dompet-cincin",
    "count": 1757,
    "sub": null
  }, {
    "name": "Senter Batu Cincin",
    "url": "/c/batu-cincin/aksesoris-perkakas/senter-batu-cincin",
    "count": 1302,
    "sub": null
  }]
}