{
  "categories": [{
    "name": "Lain-lain",
    "url": "/c/batu-cincin/batu-akik/lain-lain-1318",
    "count": 40947,
    "sub": null
  }, {
    "name": "Batu Bacan",
    "url": "/c/batu-cincin/batu-akik/batu-bacan",
    "count": 15851,
    "sub": null
  }, {
    "name": "Batu Pancawarna",
    "url": "/c/batu-cincin/batu-akik/batu-pancawarna",
    "count": 9264,
    "sub": null
  }, {
    "name": "Batu Kecubung",
    "url": "/c/batu-cincin/batu-akik/batu-kecubung",
    "count": 7856,
    "sub": null
  }, {
    "name": "Batu Kalimaya Opal",
    "url": "/c/batu-cincin/batu-akik/batu-kalimaya-opal",
    "count": 7295,
    "sub": null
  }, {
    "name": "Batu Idocrase",
    "url": "/c/batu-cincin/batu-akik/batu-idocrase",
    "count": 6719,
    "sub": null
  }, {
    "name": "Batu Giok",
    "url": "/c/batu-cincin/batu-akik/batu-giok",
    "count": 6677,
    "sub": null
  }, {
    "name": "Batu Garut",
    "url": "/c/batu-cincin/batu-akik/batu-garut",
    "count": 6097,
    "sub": null
  }, {
    "name": "Batu Raflesia Bengkulu",
    "url": "/c/batu-cincin/batu-akik/batu-raflesia-bengkulu",
    "count": 5956,
    "sub": null
  }, {
    "name": "Batu Borneo Kalimantan",
    "url": "/c/batu-cincin/batu-akik/batu-borneo-kalimantan",
    "count": 4963,
    "sub": null
  }, {
    "name": "Batu Pacitan",
    "url": "/c/batu-cincin/batu-akik/batu-pacitan",
    "count": 4918,
    "sub": null
  }, {
    "name": "Batu Sulaiman",
    "url": "/c/batu-cincin/batu-akik/batu-sulaiman",
    "count": 4516,
    "sub": null
  }, {
    "name": "Batu Baturaja",
    "url": "/c/batu-cincin/batu-akik/batu-baturaja",
    "count": 4417,
    "sub": null
  }, {
    "name": "Batu Pirus",
    "url": "/c/batu-cincin/batu-akik/batu-pirus",
    "count": 3887,
    "sub": null
  }, {
    "name": "Batu Fosil",
    "url": "/c/batu-cincin/batu-akik/batu-fosil",
    "count": 3623,
    "sub": null
  }, {
    "name": "Batu Jasper / Jesper",
    "url": "/c/batu-cincin/batu-akik/batu-jasper-jesper",
    "count": 2965,
    "sub": null
  }, {
    "name": "Batu Bulu Macan",
    "url": "/c/batu-cincin/batu-akik/batu-bulu-macan",
    "count": 2835,
    "sub": null
  }, {
    "name": "Batu Akik Purbalingga",
    "url": "/c/batu-cincin/batu-akik/batu-akik-purbalingga",
    "count": 2767,
    "sub": null
  }, {
    "name": "Batu Topaz",
    "url": "/c/batu-cincin/batu-akik/batu-topaz",
    "count": 2729,
    "sub": null
  }, {
    "name": "Batu Pandan",
    "url": "/c/batu-cincin/batu-akik/batu-pandan",
    "count": 2622,
    "sub": null
  }, {
    "name": "Batu Sungai Dareh",
    "url": "/c/batu-cincin/batu-akik/batu-sungai-dareh",
    "count": 2595,
    "sub": null
  }, {
    "name": "Batu Sisik Naga",
    "url": "/c/batu-cincin/batu-akik/batu-sisik-naga",
    "count": 2556,
    "sub": null
  }, {
    "name": "Batu Badar Lumut",
    "url": "/c/batu-cincin/batu-akik/batu-badar-lumut",
    "count": 2250,
    "sub": null
  }, {
    "name": "Batu Cempaka",
    "url": "/c/batu-cincin/batu-akik/batu-cempaka",
    "count": 1809,
    "sub": null
  }, {
    "name": "Batu Teratai",
    "url": "/c/batu-cincin/batu-akik/batu-teratai",
    "count": 1727,
    "sub": null
  }, {
    "name": "Batu Badar Besi",
    "url": "/c/batu-cincin/batu-akik/batu-badar-besi",
    "count": 1551,
    "sub": null
  }, {
    "name": "Batu Garnet",
    "url": "/c/batu-cincin/batu-akik/batu-garnet",
    "count": 1426,
    "sub": null
  }, {
    "name": "Batu Chrysoprase",
    "url": "/c/batu-cincin/batu-akik/batu-chrysoprase",
    "count": 1307,
    "sub": null
  }, {
    "name": "Batu Labrador",
    "url": "/c/batu-cincin/batu-akik/batu-labrador",
    "count": 1293,
    "sub": null
  }, {
    "name": "Batu Obsidian",
    "url": "/c/batu-cincin/batu-akik/batu-obsidian",
    "count": 1215,
    "sub": null
  }, {
    "name": "Batu Carnelian",
    "url": "/c/batu-cincin/batu-akik/batu-carnelian",
    "count": 1070,
    "sub": null
  }, {
    "name": "Batu Biduri Sepah",
    "url": "/c/batu-cincin/batu-akik/batu-biduri-sepah",
    "count": 851,
    "sub": null
  }, {
    "name": "Batu Combong",
    "url": "/c/batu-cincin/batu-akik/batu-combong",
    "count": 833,
    "sub": null
  }, {
    "name": "Batu Biduri Bulan",
    "url": "/c/batu-cincin/batu-akik/batu-biduri-bulan",
    "count": 817,
    "sub": null
  }, {
    "name": "Batu Citrine",
    "url": "/c/batu-cincin/batu-akik/batu-citrine",
    "count": 787,
    "sub": null
  }, {
    "name": "Batu Onyx",
    "url": "/c/batu-cincin/batu-akik/batu-onyx",
    "count": 707,
    "sub": null
  }, {
    "name": "Batu Lapis Lazuli",
    "url": "/c/batu-cincin/batu-akik/batu-lapis-lazuli",
    "count": 680,
    "sub": null
  }, {
    "name": "Batu Pecah Seribu",
    "url": "/c/batu-cincin/batu-akik/batu-pecah-seribu",
    "count": 671,
    "sub": null
  }, {
    "name": "Batu Merah Siam",
    "url": "/c/batu-cincin/batu-akik/batu-merah-siam",
    "count": 655,
    "sub": null
  }, {
    "name": "Batu Tapak Jalak",
    "url": "/c/batu-cincin/batu-akik/batu-tapak-jalak",
    "count": 475,
    "sub": null
  }, {
    "name": "Batu Sarang Tawon",
    "url": "/c/batu-cincin/batu-akik/batu-sarang-tawon",
    "count": 456,
    "sub": null
  }, {
    "name": "Batu Peridot",
    "url": "/c/batu-cincin/batu-akik/batu-peridot",
    "count": 435,
    "sub": null
  }, {
    "name": "Batu Bulu Monyet",
    "url": "/c/batu-cincin/batu-akik/batu-bulu-monyet",
    "count": 401,
    "sub": null
  }, {
    "name": "Batu Ati Ayam",
    "url": "/c/batu-cincin/batu-akik/batu-ati-ayam",
    "count": 393,
    "sub": null
  }, {
    "name": "Batu Satam",
    "url": "/c/batu-cincin/batu-akik/batu-satam",
    "count": 354,
    "sub": null
  }, {
    "name": "Batu Sumur Badung",
    "url": "/c/batu-cincin/batu-akik/batu-sumur-badung",
    "count": 162,
    "sub": null
  }, {
    "name": "Batu Intan Bumi",
    "url": "/c/batu-cincin/batu-akik/batu-intan-bumi",
    "count": 144,
    "sub": null
  }]
}