{
  "categories": [{
    "name": "Lain-lain",
    "url": "/c/batu-cincin/batu-mulia-permata/lain-lain-1321",
    "count": 18125,
    "sub": null
  }, {
    "name": "Safir",
    "url": "/c/batu-cincin/batu-mulia-permata/safir",
    "count": 15437,
    "sub": null
  }, {
    "name": "Ruby",
    "url": "/c/batu-cincin/batu-mulia-permata/ruby",
    "count": 8205,
    "sub": null
  }, {
    "name": "Zamrud",
    "url": "/c/batu-cincin/batu-mulia-permata/zamrud",
    "count": 6541,
    "sub": null
  }, {
    "name": "Quartz",
    "url": "/c/batu-cincin/batu-mulia-permata/quartz",
    "count": 5896,
    "sub": null
  }, {
    "name": "Berlian",
    "url": "/c/batu-cincin/batu-mulia-permata/berlian",
    "count": 2339,
    "sub": null
  }, {
    "name": "Emerald",
    "url": "/c/batu-cincin/batu-mulia-permata/emerald",
    "count": 1059,
    "sub": null
  }, {
    "name": "Merah Delima",
    "url": "/c/batu-cincin/batu-mulia-permata/merah-delima",
    "count": 603,
    "sub": null
  }]
}