{
  "categories": [{
    "name": "Rough Lain-lain",
    "url": "/c/batu-cincin/rough-bahan-batu-akik/rough-lain-lain",
    "count": 11992,
    "sub": null
  }, {
    "name": "Rough Bacan",
    "url": "/c/batu-cincin/rough-bahan-batu-akik/rough-bacan",
    "count": 4248,
    "sub": null
  }, {
    "name": "Rough Pancawarna",
    "url": "/c/batu-cincin/rough-bahan-batu-akik/rough-pancawarna",
    "count": 3954,
    "sub": null
  }, {
    "name": "Rough Giok",
    "url": "/c/batu-cincin/rough-bahan-batu-akik/rough-giok",
    "count": 2164,
    "sub": null
  }, {
    "name": "Rough Kecubung",
    "url": "/c/batu-cincin/rough-bahan-batu-akik/rough-kecubung",
    "count": 1218,
    "sub": null
  }, {
    "name": "Rough Bulu Macan",
    "url": "/c/batu-cincin/rough-bahan-batu-akik/rough-bulu-macan",
    "count": 856,
    "sub": null
  }, {
    "name": "Rough Idocrase",
    "url": "/c/batu-cincin/rough-bahan-batu-akik/rough-idocrase",
    "count": 740,
    "sub": null
  }, {
    "name": "Rough Lavender",
    "url": "/c/batu-cincin/rough-bahan-batu-akik/rough-lavender",
    "count": 450,
    "sub": null
  }, {
    "name": "Rough Solar Aceh",
    "url": "/c/batu-cincin/rough-bahan-batu-akik/rough-solar-aceh",
    "count": 395,
    "sub": null
  }, {
    "name": "Rough Anggur",
    "url": "/c/batu-cincin/rough-bahan-batu-akik/rough-anggur",
    "count": 194,
    "sub": null
  }, {
    "name": "Rough Pandan",
    "url": "/c/batu-cincin/rough-bahan-batu-akik/rough-pandan",
    "count": 126,
    "sub": null
  }, {
    "name": "Rough Bulu Monyet",
    "url": "/c/batu-cincin/rough-bahan-batu-akik/rough-bulu-monyet",
    "count": 50,
    "sub": null
  }]
}