{
  "categories": [{
    "name": "Tools &amp; Others",
    "url": "/c/sepeda/equipment-tools/tools-others",
    "count": "6027",
    "sub": null
  }, {
    "name": "Lampu &amp; Senter",
    "url": "/c/sepeda/equipment-tools/lampu-senter",
    "count": "3637",
    "sub": null
  }, {
    "name": "Bottle &amp; Cage",
    "url": "/c/sepeda/equipment-tools/bottle-cage",
    "count": "1971",
    "sub": null
  }, {
    "name": "Speedometer",
    "url": "/c/sepeda/equipment-tools/speedometer",
    "count": "1078",
    "sub": null
  }, {
    "name": "Carrier, Hanger, &amp; Bike stand",
    "url": "/c/sepeda/equipment-tools/carrier-hanger-bike-stand",
    "count": "1076",
    "sub": null
  }, {
    "name": "Pompa",
    "url": "/c/sepeda/equipment-tools/pompa",
    "count": "1034",
    "sub": null
  }, {
    "name": "Sticker &amp; Decal",
    "url": "/c/sepeda/equipment-tools/sticker-decal",
    "count": "990",
    "sub": null
  }, {
    "name": "Rack &amp; Pannier",
    "url": "/c/sepeda/equipment-tools/rack-pannier",
    "count": "838",
    "sub": null
  }, {
    "name": "Fender &amp; Mudguard",
    "url": "/c/sepeda/equipment-tools/fender-mudguard",
    "count": "607",
    "sub": null
  }, {
    "name": "Gembok",
    "url": "/c/sepeda/equipment-tools/gembok",
    "count": "604",
    "sub": null
  }, {
    "name": "Bel",
    "url": "/c/sepeda/equipment-tools/bel",
    "count": "584",
    "sub": null
  }]
}