{
  "categories": [{
    "name": "Jersey",
    "url": "/c/sepeda/outwear/jersey-526",
    "count": "5733",
    "sub": null
  }, {
    "name": "Helm",
    "url": "/c/sepeda/outwear/helm-276",
    "count": "3845",
    "sub": null
  }, {
    "name": "Bandana &amp; Masker",
    "url": "/c/sepeda/outwear/bandana-masker",
    "count": "2898",
    "sub": null
  }, {
    "name": "Tas",
    "url": "/c/sepeda/outwear/tas",
    "count": "2630",
    "sub": null
  }, {
    "name": "Sepatu",
    "url": "/c/sepeda/outwear/sepatu",
    "count": "2265",
    "sub": null
  }, {
    "name": "Pants",
    "url": "/c/sepeda/outwear/pants",
    "count": "2265",
    "sub": null
  }, {
    "name": "Goggle &amp; Kacamata",
    "url": "/c/sepeda/outwear/goggle-kacamata",
    "count": "1758",
    "sub": null
  }, {
    "name": "Gloves",
    "url": "/c/sepeda/outwear/gloves-509",
    "count": "1658",
    "sub": null
  }, {
    "name": "Jaket",
    "url": "/c/sepeda/outwear/jaket-527",
    "count": "996",
    "sub": null
  }, {
    "name": "Body Protector",
    "url": "/c/sepeda/outwear/body-protector",
    "count": "823",
    "sub": null
  }, {
    "name": "Kaos",
    "url": "/c/sepeda/outwear/kaos-508",
    "count": "782",
    "sub": null
  }, {
    "name": "Arm Warmer",
    "url": "/c/sepeda/outwear/arm-warmer",
    "count": "297",
    "sub": null
  }, {
    "name": "Topi",
    "url": "/c/sepeda/outwear/topi-1029",
    "count": "208",
    "sub": null
  }, {
    "name": "Cycling Cap",
    "url": "/c/sepeda/outwear/cycling-cap",
    "count": "111",
    "sub": null
  }]
}