{
  "categories": [{
    "name": "Handlebar &amp; Barset",
    "url": "/c/sepeda/steering/handlebar-barset",
    "count": "3336",
    "sub": null
  }, {
    "name": "Stem",
    "url": "/c/sepeda/steering/stem",
    "count": "3160",
    "sub": null
  }, {
    "name": "Hand Grip &amp; Bar Tape",
    "url": "/c/sepeda/steering/hand-grip-bar-tape",
    "count": "2373",
    "sub": null
  }, {
    "name": "Headset &amp; Spacer",
    "url": "/c/sepeda/steering/headset-spacer",
    "count": "1190",
    "sub": null
  }, {
    "name": "Shifter",
    "url": "/c/sepeda/steering/shifter",
    "count": "1021",
    "sub": null
  }, {
    "name": "Cable &amp; Housing",
    "url": "/c/sepeda/steering/cable-housing",
    "count": "729",
    "sub": null
  }, {
    "name": "Bar End / Tanduk",
    "url": "/c/sepeda/steering/bar-end-tanduk",
    "count": "244",
    "sub": null
  }, {
    "name": "Handlepost",
    "url": "/c/sepeda/steering/handlepost",
    "count": "28",
    "sub": null
  }]
}