{
  "categories": [{
    "name": "Ban Luar",
    "url": "/c/sepeda/wheel-hub-rims-dll/ban-luar",
    "count": "3079",
    "sub": null
  }, {
    "name": "Hub &amp; Freehub",
    "url": "/c/sepeda/wheel-hub-rims-dll/hub-freehub",
    "count": "2377",
    "sub": null
  }, {
    "name": "Wheel Set",
    "url": "/c/sepeda/wheel-hub-rims-dll/wheel-set",
    "count": "1876",
    "sub": null
  }, {
    "name": "Rims",
    "url": "/c/sepeda/wheel-hub-rims-dll/rims",
    "count": "1284",
    "sub": null
  }, {
    "name": "Ban Dalam",
    "url": "/c/sepeda/wheel-hub-rims-dll/ban-dalam",
    "count": "1275",
    "sub": null
  }, {
    "name": "Jari-jari",
    "url": "/c/sepeda/wheel-hub-rims-dll/jari-jari",
    "count": "439",
    "sub": null
  }, {
    "name": "Quick Release",
    "url": "/c/sepeda/wheel-hub-rims-dll/quick-release",
    "count": "350",
    "sub": null
  }, {
    "name": "Bearing",
    "url": "/c/sepeda/wheel-hub-rims-dll/bearing",
    "count": "133",
    "sub": null
  }]
}