{ "height":6,
 "layers":[
        {
         "data":[0, 0, 0, 0, 0, 0, 0, 0, 0, 0, 0, 0, 0, 0, 0, 0, 0, 0, 0, 0, 0, 0, 0, 0, 0, 0, 0, 0, 0, 0, 0, 0, 0, 0, 0, 0, 0, 0, 0, 0, 0, 0, 0, 0, 0, 0, 0, 0, 0, 0, 0, 0, 0, 0, 0, 0, 0, 0, 0, 0, 0, 0, 0, 0, 0, 0, 0, 0, 0, 0, 0, 0, 0, 0, 0, 0, 0, 0, 0, 0, 0, 0, 0, 0, 0, 0, 113, 114, 114, 115, 0, 0, 0, 0, 0, 113, 114, 114, 115, 0, 0, 0, 0, 0, 0, 0, 0, 0, 0, 113, 114, 114, 115, 0, 0, 0, 0, 0, 0, 0, 0, 0, 0, 7, 0, 0, 0, 0, 0, 0, 0, 0, 7, 0, 0, 0, 0, 6, 0, 0, 0, 0, 0, 0, 0, 0, 7, 0, 0, 0, 0, 6, 6, 87, 89, 7, 3, 6, 0, 0, 7, 21, 0, 0, 0, 0, 6, 0, 0, 7, 21, 0, 0, 0, 0, 20, 3, 3, 3, 6, 0, 0, 7, 3, 21, 0, 0, 0, 0, 20, 20, 3, 3, 21, 5, 20, 3, 3, 21, 5, 0, 0, 0, 0, 20, 3, 3, 21, 5, 6, 0, 0, 0, 5, 5, 5, 5, 20, 3, 3, 21, 5, 5, 0, 87, 89, 0, 5],
         "height":6,
         "name":"platform",
         "offsetx":-139.393939393939,
         "offsety":-48.4848484848485,
         "opacity":1,
         "type":"tilelayer",
         "visible":true,
         "width":38,
         "x":0,
         "y":0
        }, 
        {
         "draworder":"topdown",
         "name":"platformCollide",
         "objects":[
                {
                 "height":0,
                 "id":3,
                 "name":"",
                 "polyline":[
                        {
                         "x":-1.33333333333334,
                         "y":-6
                        }, 
                        {
                         "x":70,
                         "y":65.5
                        }, 
                        {
                         "x":211.5,
                         "y":65.5
                        }, 
                        {
                         "x":281,
                         "y":-5
                        }, 
                        {
                         "x":349.757575757576,
                         "y":-4.5151515151515
                        }, 
                        {
                         "x":420.166666666667,
                         "y":65.0833333333333
                        }, 
                        {
                         "x":559.8125,
                         "y":65.5625
                        }, 
                        {
                         "x":700.416666666667,
                         "y":-74.25
                        }, 
                        {
                         "x":700.393939393939,
                         "y":134.977272727273
                        }, 
                        {
                         "x":980.119318181818,
                         "y":135.357954545455
                        }, 
                        {
                         "x":980.098278985507,
                         "y":-4.01200181159402
                        }, 
                        {
                         "x":1051.55932971014,
                         "y":66.0563858695652
                        }, 
                        {
                         "x":1190.70833333333,
                         "y":64.7291666666667
                        }, 
                        {
                         "x":1259.69318181818,
                         "y":-4.02083333333331
                        }, 
                        {
                         "x":1330.59375,
                         "y":-74.6041666666666
                        }, 
                        {
                         "x":1330.58333333333,
                         "y":65.6401515151516
                        }, 
                        {
                         "x":1399.91974431818,
                         "y":134.957386363636
                        }, 
                        {
                         "x":1610.52604166667,
                         "y":135.435606060606
                        }, 
                        {
                         "x":1610.57971014492,
                         "y":-74.1581027667984
                        }, 
                        {
                         "x":1680.50724637681,
                         "y":-3.63768115942037
                        }, 
                        {
                         "x":1889.75,
                         "y":-3.75
                        }, 
                        {
                         "x":1960,
                         "y":66.5
                        }, 
                        {
                         "x":2100.25,
                         "y":66.1666666666667
                        }, 
                        {
                         "x":2170.83333333333,
                         "y":-4.25
                        }, 
                        {
                         "x":2240.63257575757,
                         "y":-4.52272727272725
                        }, 
                        {
                         "x":2310.25,
                         "y":-73.5833333333333
                        }, 
                        {
                         "x":2310.49242424242,
                         "y":135.25
                        }, 
                        {
                         "x":2590.16666666667,
                         "y":135.395833333333
                        }, 
                        {
                         "x":2590.65909090909,
                         "y":-74.8333333333333
                        }, 
                        {
                         "x":2660,
                         "y":-4.75
                        }, 
                        {
                         "x":2659.75,
                         "y":135.75
                        }, 
                        {
                         "x":0,
                         "y":136
                        }, 
                        {
                         "x":-4,
                         "y":-12
                        }],
                 "rotation":0,
                 "type":"",
                 "visible":true,
                 "width":0,
                 "x":0,
                 "y":284
                }, 
                {
                 "height":0,
                 "id":4,
                 "name":"",
                 "polyline":[
                        {
                         "x":0,
                         "y":0
                        }, 
                        {
                         "x":47.5,
                         "y":-8
                        }, 
                        {
                         "x":193.5,
                         "y":-8
                        }, 
                        {
                         "x":205.5,
                         "y":-8
                        }, 
                        {
                         "x":245,
                         "y":0
                        }],
                 "rotation":0,
                 "type":"",
                 "visible":true,
                 "width":0,
                 "x":722.114545454546,
                 "y":206.817848484848
                }, 
                {
                 "height":0,
                 "id":5,
                 "name":"",
                 "polyline":[
                        {
                         "x":0,
                         "y":0
                        }, 
                        {
                         "x":57.3333,
                         "y":-10.3333
                        }, 
                        {
                         "x":126.667,
                         "y":-10
                        }, 
                        {
                         "x":212,
                         "y":-9.66667
                        }, 
                        {
                         "x":224,
                         "y":-8.66667
                        }, 
                        {
                         "x":263.667,
                         "y":-2
                        }],
                 "rotation":0,
                 "type":"",
                 "visible":true,
                 "width":0,
                 "x":713.954545454546,
                 "y":158.484848484848
                }, 
                {
                 "height":0,
                 "id":6,
                 "name":"",
                 "polyline":[
                        {
                         "x":0,
                         "y":0
                        }, 
                        {
                         "x":47.5,
                         "y":-8
                        }, 
                        {
                         "x":193.5,
                         "y":-8
                        }, 
                        {
                         "x":205.5,
                         "y":-8
                        }, 
                        {
                         "x":245,
                         "y":0
                        }],
                 "rotation":0,
                 "type":"",
                 "visible":true,
                 "width":0,
                 "x":1349.24333333333,
                 "y":207.499666666667
                }, 
                {
                 "height":0,
                 "id":7,
                 "name":"",
                 "polyline":[
                        {
                         "x":0,
                         "y":0
                        }, 
                        {
                         "x":57.3333,
                         "y":-10.3333
                        }, 
                        {
                         "x":126.667,
                         "y":-10
                        }, 
                        {
                         "x":212,
                         "y":-9.66667
                        }, 
                        {
                         "x":224,
                         "y":-8.66667
                        }, 
                        {
                         "x":263.667,
                         "y":-2
                        }],
                 "rotation":0,
                 "type":"",
                 "visible":true,
                 "width":0,
                 "x":1341.08333333333,
                 "y":159.166666666667
                }, 
                {
                 "height":0,
                 "id":8,
                 "name":"",
                 "polyline":[
                        {
                         "x":0,
                         "y":0
                        }, 
                        {
                         "x":47.5,
                         "y":-8
                        }, 
                        {
                         "x":193.5,
                         "y":-8
                        }, 
                        {
                         "x":205.5,
                         "y":-8
                        }, 
                        {
                         "x":245,
                         "y":0
                        }],
                 "rotation":0,
                 "type":"",
                 "visible":true,
                 "width":0,
                 "x":2331.35696969697,
                 "y":206.939060606061
                }, 
                {
                 "height":0,
                 "id":9,
                 "name":"",
                 "polyline":[
                        {
                         "x":0,
                         "y":0
                        }, 
                        {
                         "x":57.3333,
                         "y":-10.3333
                        }, 
                        {
                         "x":126.667,
                         "y":-10
                        }, 
                        {
                         "x":212,
                         "y":-9.66667
                        }, 
                        {
                         "x":224,
                         "y":-8.66667
                        }, 
                        {
                         "x":263.667,
                         "y":-2
                        }],
                 "rotation":0,
                 "type":"",
                 "visible":true,
                 "width":0,
                 "x":2323.19696969697,
                 "y":158.606060606061
                }],
         "offsetx":-140,
         "offsety":-48,
         "opacity":1,
         "type":"objectgroup",
         "visible":true,
         "x":0,
         "y":0
        }],
 "nextobjectid":10,
 "orientation":"orthogonal",
 "properties":
    {
	 "wheelX":[{"start":10,"end":27},{"start":47,"end":64}],
	 "wheelY":"20",
     "xList":null
    },
 "propertytypes":
    {
     "wheelX":"",
     "wheelY":"string",
     "xList":""
    },
 "renderorder":"right-down",
 "tileheight":70,
 "tilesets":[
        {
         "columns":14,
         "firstgid":1,
         "image":"platform.png",
         "imageheight":560,
         "imagewidth":980,
         "margin":0,
         "name":"platformTiles",
         "spacing":0,
         "tilecount":112,
         "tileheight":70,
         "tilewidth":70
        }, 
        {
         "columns":3,
         "firstgid":113,
         "image":"tube.png",
         "imageheight":70,
         "imagewidth":210,
         "margin":0,
         "name":"tubeTiles",
         "spacing":0,
         "tilecount":3,
         "tileheight":70,
         "tilewidth":70
        }],
 "tilewidth":70,
 "type":"map",
 "version":"2017.05.26",
 "width":38
}