<?xml version="1.0" encoding="UTF-8"?>
<!-- created with http://www.physicseditor.de -->
<bodydef version="1.0">
    <bodies numBodies="1">

        <body name="car" dynamic="true" numFixtures="1">

            <fixture
                density="2"
                friction="0"
                restitution="0"
                filter_categoryBits="1"
                filter_groupIndex="0"
                filter_maskBits="65535"
                isSensor="false"
                type="POLYGON"
                numPolygons="8"
                >


                <polygon numVertexes="6">

                    <vertex x="-35.0000" y="-2.0000" />

                    <vertex x="-17.0000" y="11.0000" />

                    <vertex x="-32.0000" y="10.0000" />

                    <vertex x="-42.0000" y="6.0000" />

                    <vertex x="-44.0000" y="5.0000" />

                    <vertex x="-45.0000" y="-1.0000" />

                </polygon>

                <polygon numVertexes="5">

                    <vertex x="38.0000" y="9.0000" />

                    <vertex x="14.0000" y="-6.0000" />

                    <vertex x="35.0000" y="-6.0000" />

                    <vertex x="42.0000" y="-2.0000" />

                    <vertex x="44.0000" y="8.0000" />

                </polygon>

                <polygon numVertexes="5">

                    <vertex x="28.0000" y="16.0000" />

                    <vertex x="25.0000" y="12.0000" />

                    <vertex x="14.0000" y="-6.0000" />

                    <vertex x="38.0000" y="9.0000" />

                    <vertex x="36.0000" y="15.0000" />

                </polygon>

                <polygon numVertexes="3">

                    <vertex x="-42.0000" y="6.0000" />

                    <vertex x="-32.0000" y="10.0000" />

                    <vertex x="-41.0000" y="10.0000" />

                </polygon>

                <polygon numVertexes="6">

                    <vertex x="-32.0000" y="10.0000" />

                    <vertex x="-17.0000" y="11.0000" />

                    <vertex x="-18.0000" y="14.0000" />

                    <vertex x="-21.0000" y="16.0000" />

                    <vertex x="-28.0000" y="16.0000" />

                    <vertex x="-31.0000" y="14.0000" />

                </polygon>

                <polygon numVertexes="3">

                    <vertex x="25.0000" y="12.0000" />

                    <vertex x="28.0000" y="16.0000" />

                    <vertex x="25.0000" y="14.0000" />

                </polygon>

                <polygon numVertexes="7">

                    <vertex x="14.0000" y="-6.0000" />

                    <vertex x="25.0000" y="12.0000" />

                    <vertex x="-12.0000" y="12.0000" />

                    <vertex x="-17.0000" y="11.0000" />

                    <vertex x="-28.0000" y="-7.0000" />

                    <vertex x="-11.0000" y="-12.0000" />

                    <vertex x="8.0000" y="-12.0000" />

                </polygon>

                <polygon numVertexes="4">

                    <vertex x="-28.0000" y="-7.0000" />

                    <vertex x="-17.0000" y="11.0000" />

                    <vertex x="-35.0000" y="-2.0000" />

                    <vertex x="-34.0000" y="-4.0000" />

                </polygon>


            </fixture>

        </body>

    </bodies>
    <metadata>
        <format>1</format>
        <ptm_ratio></ptm_ratio>
    </metadata>
</bodydef>
