{ "height":6,
 "layers":[
        {
         "data":[0, 0, 0, 0, 0, 0, 0, 0, 0, 0, 0, 0, 0, 0, 0, 0, 0, 0, 0, 0, 0, 0, 0, 0, 0, 0, 0, 0, 0, 0, 0, 0, 0, 0, 0, 0, 0, 0, 0, 0, 0, 0, 1, 2, 2, 3, 0, 0, 0, 0, 0, 0, 0, 0, 0, 0, 0, 0, 0, 0, 0, 0, 1, 3, 0, 0, 0, 0, 0, 0, 0, 0, 0, 0, 0, 0, 0, 0, 0, 0, 4, 5, 5, 6, 0, 0, 0, 0, 0, 0, 0, 1, 2, 3, 0, 0, 0, 0, 0, 0, 4, 6, 0, 0, 0, 0, 0, 0, 0, 1, 2, 3, 0, 0, 0, 0, 0, 42, 0, 0, 0, 0, 38, 41, 0, 0, 0, 0, 0, 4, 5, 6, 0, 0, 0, 0, 0, 42, 0, 0, 41, 0, 0, 0, 0, 0, 0, 4, 5, 6, 0, 0, 0, 0, 42, 56, 0, 0, 0, 0, 51, 55, 41, 0, 0, 0, 42, 0, 0, 0, 38, 41, 0, 0, 42, 56, 0, 0, 55, 38, 41, 0, 0, 42, 38, 0, 0, 0, 38, 38, 38, 38, 56, 51, 41, 0, 0, 0, 51, 51, 55, 38, 38, 38, 56, 0, 0, 0, 51, 55, 38, 38, 56, 51, 0, 0, 51, 51, 55, 38, 38, 56, 51, 0, 0, 0, 51, 51],
         "height":6,
         "name":"platform",
         "offsetx":-139.393939393939,
         "offsety":-48.4848484848485,
         "opacity":1,
         "type":"tilelayer",
         "visible":true,
         "width":38,
         "x":0,
         "y":0
        }, 
        {
         "draworder":"topdown",
         "name":"platformCollide",
         "objects":[
                {
                 "height":0,
                 "id":10,
                 "name":"",
                 "polyline":[
                        {
                         "x":0.666670000000011,
                         "y":65
                        }, 
                        {
                         "x":142.272727272727,
                         "y":64.7727272727273
                        }, 
                        {
                         "x":281.5,
                         "y":-74.804347826087
                        }, 
                        {
                         "x":281.521739130435,
                         "y":65
                        }, 
                        {
                         "x":351.615954545455,
                         "y":134.632577272727
                        }, 
                        {
                         "x":561.375333333333,
                         "y":134.3333
                        }, 
                        {
                         "x":561.167,
                         "y":-75
                        }, 
                        {
                         "x":631.394,
                         "y":-74.773
                        }, 
                        {
                         "x":770.937181818182,
                         "y":64.8731515151515
                        }, 
                        {
                         "x":981.723,
                         "y":64.6546666666667
                        }, 
                        {
                         "x":1051.16416666667,
                         "y":-4.65193333333332
                        }, 
                        {
                         "x":1051.28954545455,
                         "y":134.445109090909
                        }, 
                        {
                         "x":1261.565,
                         "y":134.35417
                        }, 
                        {
                         "x":1261.55590909091,
                         "y":-5.01471136363637
                        }, 
                        {
                         "x":1331.30916666667,
                         "y":-4.90146666666664
                        }, 
                        {
                         "x":1401.39916666667,
                         "y":64.7903333333333
                        }, 
                        {
                         "x":1541.57166666667,
                         "y":64.9568333333334
                        }, 
                        {
                         "x":1681.45878787878,
                         "y":-75.6126454545454
                        }, 
                        {
                         "x":1681.53083333333,
                         "y":134.528986666667
                        }, 
                        {
                         "x":1821.55708333333,
                         "y":134.27491
                        }, 
                        {
                         "x":1821.61666666667,
                         "y":-74.7277777777778
                        }, 
                        {
                         "x":1892.09090909091,
                         "y":-4.86363636363637
                        }, 
                        {
                         "x":1961.70454545455,
                         "y":-4.92420909090913
                        }, 
                        {
                         "x":2030.955,
                         "y":64.375
                        }, 
                        {
                         "x":2170.2925,
                         "y":64.426135
                        }, 
                        {
                         "x":2240.63,
                         "y":-4.52273
                        }, 
                        {
                         "x":2311.25,
                         "y":-5.08330000000001
                        }, 
                        {
                         "x":2311.365,
                         "y":135
                        }, 
                        {
                         "x":2520.83666666667,
                         "y":133.396
                        }, 
                        {
                         "x":2521.41757575758,
                         "y":-5.0454212121212
                        }, 
                        {
                         "x":2660,
                         "y":-4.75
                        }, 
                        {
                         "x":2659.75,
                         "y":135.75
                        }, 
                        {
                         "x":0,
                         "y":136
                        }, 
                        {
                         "x":-4,
                         "y":-12
                        }],
                 "rotation":0,
                 "type":"",
                 "visible":true,
                 "width":0,
                 "x":-1,
                 "y":284.5
                }, 
                {
                 "height":0,
                 "id":18,
                 "name":"",
                 "polyline":[
                        {
                         "x":-1.41983695652175,
                         "y":28.0366847826087
                        }, 
                        {
                         "x":11.4469696969697,
                         "y":1.6098484848485
                        }, 
                        {
                         "x":265.416666666667,
                         "y":2.78787878787878
                        }, 
                        {
                         "x":278.75,
                         "y":28.4375
                        }],
                 "rotation":0,
                 "type":"",
                 "visible":true,
                 "width":0,
                 "x":281.444090909092,
                 "y":180.802515151515
                }, 
                {
                 "height":0,
                 "id":19,
                 "name":"",
                 "polyline":[
                        {
                         "x":-1.85416666666652,
                         "y":24.0625
                        }, 
                        {
                         "x":11.4242424242425,
                         "y":-1.61363636363637
                        }, 
                        {
                         "x":196,
                         "y":-2.41666666666669
                        }, 
                        {
                         "x":208.25,
                         "y":24.25
                        }],
                 "rotation":0,
                 "type":"",
                 "visible":true,
                 "width":0,
                 "x":2311.85575757576,
                 "y":254.131848484848
                }, 
                {
                 "height":0,
                 "id":20,
                 "name":"",
                 "polyline":[
                        {
                         "x":0.0909090909090082,
                         "y":25.8181818181818
                        }, 
                        {
                         "x":11.5056818181818,
                         "y":-1.52272727272725
                        }, 
                        {
                         "x":198.738636363636,
                         "y":-0.136363636363626
                        }, 
                        {
                         "x":209.615612648221,
                         "y":26.1185770750988
                        }],
                 "rotation":0,
                 "type":"",
                 "visible":true,
                 "width":0,
                 "x":1050.73575757576,
                 "y":253.317848484848
                }, 
                {
                 "height":0,
                 "id":22,
                 "name":"",
                 "polyline":[
                        {
                         "x":-15.8125,
                         "y":16.1041666666667
                        }, 
                        {
                         "x":10.3679810606061,
                         "y":-0.921875
                        }, 
                        {
                         "x":270.881795454545,
                         "y":0.0520833333333286
                        }, 
                        {
                         "x":295.242757575758,
                         "y":19.3333333333333
                        }],
                 "rotation":0,
                 "type":"",
                 "visible":true,
                 "width":0,
                 "x":281.534090909091,
                 "y":102.136181818181
                }, 
                {
                 "height":0,
                 "id":27,
                 "name":"",
                 "polyline":[
                        {
                         "x":0.4375,
                         "y":24.375
                        }, 
                        {
                         "x":12.140625,
                         "y":0.5
                        }, 
                        {
                         "x":129.502840909091,
                         "y":-0.193181818181841
                        }, 
                        {
                         "x":140.5,
                         "y":24.875
                        }],
                 "rotation":0,
                 "type":"",
                 "visible":true,
                 "width":0,
                 "x":1679.51515151515,
                 "y":181.939393939394
                }, 
                {
                 "height":0,
                 "id":28,
                 "name":"",
                 "polyline":[
                        {
                         "x":-11.4129635828654,
                         "y":16.1042
                        }, 
                        {
                         "x":7.48329526812009,
                         "y":-0.921875
                        }, 
                        {
                         "x":194.877717075336,
                         "y":-1.22064397272726
                        }, 
                        {
                         "x":213.09708187168,
                         "y":19.3333
                        }],
                 "rotation":0,
                 "type":"",
                 "visible":true,
                 "width":0,
                 "x":1054.19071391225,
                 "y":171.239789196311
                }, 
                {
                 "height":0,
                 "id":29,
                 "name":"",
                 "polyline":[
                        {
                         "x":-11.4129635828654,
                         "y":16.1042
                        }, 
                        {
                         "x":7.48329526812009,
                         "y":-0.921875
                        }, 
                        {
                         "x":194.877717075336,
                         "y":-1.22064397272726
                        }, 
                        {
                         "x":213.09708187168,
                         "y":19.3333
                        }],
                 "rotation":0,
                 "type":"",
                 "visible":true,
                 "width":0,
                 "x":2312.85738057891,
                 "y":171.906455862978
                }, 
                {
                 "height":0,
                 "id":30,
                 "name":"",
                 "polyline":[
                        {
                         "x":-17.9116902789638,
                         "y":17.0132909090909
                        }, 
                        {
                         "x":4.18896703088899,
                         "y":-1.13926630434783
                        }, 
                        {
                         "x":122.15304913328,
                         "y":-1.30760049446639
                        }, 
                        {
                         "x":140.643809721036,
                         "y":17.0833
                        }],
                 "rotation":0,
                 "type":"",
                 "visible":true,
                 "width":0,
                 "x":1687.62883454774,
                 "y":101.573122529644
                }],
         "offsetx":-140,
         "offsety":-48,
         "opacity":1,
         "type":"objectgroup",
         "visible":true,
         "x":0,
         "y":0
        }],
 "nextobjectid":31,
 "orientation":"orthogonal",
 "properties":
    {
     "wheelX":[{"start":8,"end":26},{"start":72,"end":90}],
     "wheelY":"20",
     "xList":null
    },
 "propertytypes":
    {
     "wheelX":"",
     "wheelY":"string",
     "xList":""
    },
 "renderorder":"right-down",
 "tileheight":70,
 "tilesets":[
        {
         "columns":3,
         "firstgid":1,
         "image":"tube.png",
         "imageheight":140,
         "imagewidth":210,
         "margin":0,
         "name":"tubeTiles",
         "spacing":0,
         "tilecount":6,
         "tileheight":70,
         "tilewidth":70
        }, 
        {
         "columns":14,
         "firstgid":7,
         "image":"platform.png",
         "imageheight":490,
         "imagewidth":980,
         "margin":0,
         "name":"platformTiles",
         "spacing":0,
         "tilecount":98,
         "tileheight":70,
         "tilewidth":70
        }],
 "tilewidth":70,
 "type":"map",
 "version":"2017.05.26",
 "width":38
}