{ 
    
    "car": [
        {
            "shape": [ 74,27, 98,15, 100,15, 100,27 ]
        },
        {
            "shape": [ 94,13, 91,11, 94,11 ]
        },
        {
            "shape": [ 22,30, 20,2, 25,27, 25,29 ]
        },
        {
            "shape": [ 8,8, 7,26, 2,26, 0,24, 0,11 ]
        },
        {
            "shape": [ 98,15, 94,13, 98,13 ]
        },
        {
            "shape": [ 7,26, 8,8, 13,4, 17,4, 22,32, 11,32 ]
        },
        {
            "shape": [ 76,32, 74,27, 90,27, 88,32 ]
        },
        {
            "shape": [ 65,6, 65,8, 20,2, 34,0, 51,0 ]
        },
        {
            "shape": [ 20,2, 22,30, 22,32, 17,4 ]
        },
        {
            "shape": [ 91,11, 65,8, 89,9 ]
        },
        {
            "shape": [ 94,13, 65,8, 91,11 ]
        },
        {
            "shape": [ 98,15, 72,28, 26,28, 25,27, 20,2, 65,8, 94,13 ]
        }
    ]
}
