{ "height":6,
 "layers":[
        {
         "data":[0, 0, 0, 0, 0, 0, 0, 0, 0, 0, 0, 0, 0, 0, 0, 0, 0, 0, 0, 0, 0, 0, 0, 0, 0, 0, 0, 0, 0, 0, 0, 0, 0, 0, 0, 0, 0, 0, 0, 0, 0, 0, 0, 0, 0, 0, 0, 0, 0, 0, 0, 0, 0, 0, 0, 0, 0, 0, 0, 0, 0, 0, 0, 0, 0, 0, 0, 0, 0, 0, 0, 0, 0, 0, 0, 0, 0, 0, 0, 0, 0, 0, 0, 0, 0, 0, 99, 100, 100, 101, 0, 0, 0, 0, 0, 99, 100, 100, 101, 0, 0, 0, 0, 0, 0, 0, 0, 0, 0, 99, 100, 100, 101, 0, 0, 0, 0, 0, 0, 0, 0, 0, 0, 8, 0, 0, 0, 0, 0, 0, 0, 0, 8, 0, 0, 0, 0, 7, 0, 0, 0, 0, 0, 0, 0, 0, 8, 0, 0, 0, 0, 7, 7, 0, 0, 8, 4, 7, 0, 0, 8, 22, 0, 0, 0, 0, 7, 0, 0, 8, 22, 0, 0, 0, 0, 21, 4, 4, 4, 7, 0, 0, 8, 22, 17, 0, 0, 0, 0, 21, 21, 4, 4, 22, 17, 21, 4, 4, 22, 17, 0, 0, 0, 0, 21, 4, 4, 22, 17, 7, 0, 0, 0, 17, 17, 17, 17, 21, 4, 4, 22, 17, 17, 0, 0, 0, 0, 17],
         "height":6,
         "name":"platform",
         "offsetx":-139.393939393939,
         "offsety":-48.4848484848485,
         "opacity":1,
         "type":"tilelayer",
         "visible":true,
         "width":38,
         "x":0,
         "y":0
        }, 
        {
         "draworder":"topdown",
         "name":"platformCollide",
         "objects":[
                {
                 "height":0,
                 "id":38,
                 "name":"",
                 "polyline":[
                        {
                         "x":-1.33333,
                         "y":-6
                        }, 
                        {
                         "x":70,
                         "y":65.5
                        }, 
                        {
                         "x":211.5,
                         "y":65.5
                        }, 
                        {
                         "x":281,
                         "y":-5
                        }, 
                        {
                         "x":349.758,
                         "y":-4.51515
                        }, 
                        {
                         "x":420.167,
                         "y":65.0833
                        }, 
                        {
                         "x":559.813,
                         "y":65.5625
                        }, 
                        {
                         "x":700.417,
                         "y":-74.25
                        }, 
                        {
                         "x":700.394,
                         "y":134.977
                        }, 
                        {
                         "x":980.119,
                         "y":135.358
                        }, 
                        {
                         "x":980.098,
                         "y":-4.012
                        }, 
                        {
                         "x":1051.56,
                         "y":66.0564
                        }, 
                        {
                         "x":1190.71,
                         "y":64.7292
                        }, 
                        {
                         "x":1259.69,
                         "y":-4.02083
                        }, 
                        {
                         "x":1330.59,
                         "y":-74.6042
                        }, 
                        {
                         "x":1330.58,
                         "y":65.6402
                        }, 
                        {
                         "x":1399.92,
                         "y":134.957
                        }, 
                        {
                         "x":1610.53,
                         "y":135.436
                        }, 
                        {
                         "x":1610.58,
                         "y":-74.1581
                        }, 
                        {
                         "x":1680.51,
                         "y":-3.63768
                        }, 
                        {
                         "x":1889.75,
                         "y":-3.75
                        }, 
                        {
                         "x":1960,
                         "y":66.5
                        }, 
                        {
                         "x":2100.25,
                         "y":66.1667
                        }, 
                        {
                         "x":2170.83,
                         "y":-4.25
                        }, 
                        {
                         "x":2240.63,
                         "y":-4.52273
                        }, 
                        {
                         "x":2310.25,
                         "y":-73.5833
                        }, 
                        {
                         "x":2310.49,
                         "y":135.25
                        }, 
                        {
                         "x":2590.17,
                         "y":135.396
                        }, 
                        {
                         "x":2590.66,
                         "y":-74.8333
                        }, 
                        {
                         "x":2660,
                         "y":-4.75
                        }, 
                        {
                         "x":2659.75,
                         "y":135.75
                        }, 
                        {
                         "x":0,
                         "y":136
                        }, 
                        {
                         "x":-4,
                         "y":-12
                        }],
                 "rotation":0,
                 "type":"",
                 "visible":true,
                 "width":0,
                 "x":-1.36363636363637,
                 "y":283.166666666667
                }, 
                {
                 "height":0,
                 "id":39,
                 "name":"",
                 "polyline":[
                        {
                         "x":0,
                         "y":0
                        }, 
                        {
                         "x":47.5,
                         "y":-8
                        }, 
                        {
                         "x":193.5,
                         "y":-8
                        }, 
                        {
                         "x":205.5,
                         "y":-8
                        }, 
                        {
                         "x":245,
                         "y":0
                        }],
                 "rotation":0,
                 "type":"",
                 "visible":true,
                 "width":0,
                 "x":1353.81081818182,
                 "y":207.242606060606
                }, 
                {
                 "height":0,
                 "id":40,
                 "name":"",
                 "polyline":[
                        {
                         "x":0,
                         "y":0
                        }, 
                        {
                         "x":47.5,
                         "y":-8
                        }, 
                        {
                         "x":193.5,
                         "y":-8
                        }, 
                        {
                         "x":205.5,
                         "y":-8
                        }, 
                        {
                         "x":245,
                         "y":0
                        }],
                 "rotation":0,
                 "type":"",
                 "visible":true,
                 "width":0,
                 "x":2332.76081818182,
                 "y":206.681606060606
                }, 
                {
                 "height":0,
                 "id":41,
                 "name":"",
                 "polyline":[
                        {
                         "x":0,
                         "y":0
                        }, 
                        {
                         "x":57.3333,
                         "y":-10.3333
                        }, 
                        {
                         "x":126.667,
                         "y":-10
                        }, 
                        {
                         "x":212,
                         "y":-9.66667
                        }, 
                        {
                         "x":224,
                         "y":-8.66667
                        }, 
                        {
                         "x":263.667,
                         "y":-2
                        }],
                 "rotation":0,
                 "type":"",
                 "visible":true,
                 "width":0,
                 "x":1345.65081818182,
                 "y":158.909606060606
                }, 
                {
                 "height":0,
                 "id":42,
                 "name":"",
                 "polyline":[
                        {
                         "x":0,
                         "y":0
                        }, 
                        {
                         "x":57.3333,
                         "y":-10.3333
                        }, 
                        {
                         "x":126.667,
                         "y":-10
                        }, 
                        {
                         "x":212,
                         "y":-9.66667
                        }, 
                        {
                         "x":224,
                         "y":-8.66667
                        }, 
                        {
                         "x":263.667,
                         "y":-2
                        }],
                 "rotation":0,
                 "type":"",
                 "visible":true,
                 "width":0,
                 "x":716.521818181818,
                 "y":159.227606060606
                }, 
                {
                 "height":0,
                 "id":43,
                 "name":"",
                 "polyline":[
                        {
                         "x":0,
                         "y":0
                        }, 
                        {
                         "x":57.3333,
                         "y":-10.3333
                        }, 
                        {
                         "x":126.667,
                         "y":-10
                        }, 
                        {
                         "x":212,
                         "y":-9.66667
                        }, 
                        {
                         "x":224,
                         "y":-8.66667
                        }, 
                        {
                         "x":263.667,
                         "y":-2
                        }],
                 "rotation":0,
                 "type":"",
                 "visible":true,
                 "width":0,
                 "x":2324.60081818182,
                 "y":158.348606060606
                }, 
                {
                 "height":0,
                 "id":44,
                 "name":"",
                 "polyline":[
                        {
                         "x":0,
                         "y":0
                        }, 
                        {
                         "x":47.5,
                         "y":-8
                        }, 
                        {
                         "x":193.5,
                         "y":-8
                        }, 
                        {
                         "x":205.5,
                         "y":-8
                        }, 
                        {
                         "x":245,
                         "y":0
                        }],
                 "rotation":0,
                 "type":"",
                 "visible":true,
                 "width":0,
                 "x":724.681818181818,
                 "y":207.560606060606
                }],
         "offsetx":-140,
         "offsety":-48,
         "opacity":1,
         "type":"objectgroup",
         "visible":true,
         "x":0,
         "y":0
        }],
 "nextobjectid":45,
 "orientation":"orthogonal",
 "properties":
    {
     "wheelX":[{"start":8,"end":25},{"start":73,"end":90}],
     "wheelY":"14",
     "xList":null
    },
 "propertytypes":
    {
     "wheelX":"",
     "wheelY":"string",
     "xList":""
    },
 "renderorder":"right-down",
 "tileheight":70,
 "tilesets":[
        {
         "columns":14,
         "firstgid":1,
         "image":"platform.png",
         "imageheight":490,
         "imagewidth":980,
         "margin":0,
         "name":"platformTiles",
         "spacing":0,
         "tilecount":98,
         "tileheight":70,
         "tilewidth":70
        }, 
        {
         "columns":3,
         "firstgid":99,
         "image":"tube.png",
         "imageheight":70,
         "imagewidth":210,
         "margin":0,
         "name":"tubeTiles",
         "spacing":0,
         "tilecount":3,
         "tileheight":70,
         "tilewidth":70
        }],
 "tilewidth":70,
 "type":"map",
 "version":"2017.05.26",
 "width":38
}