{ 
    
    "car": [
        {
            "shape": [ 67,14, 54,30, 38,30, 38,28, 65,12, 67,12 ]
        },
        {
            "shape": [ 72,29, 67,14, 75,16, 80,20, 80,29 ]
        },
        {
            "shape": [ 55,8, 48,6, 48,0, 55,0 ]
        },
        {
            "shape": [ 5,37, 4,34, 4,20, 29,4, 29,7, 20,29, 15,37 ]
        },
        {
            "shape": [ 0,12, 9,4, 29,4, 4,20, 0,17 ]
        },
        {
            "shape": [ 65,12, 55,8, 61,8 ]
        },
        {
            "shape": [ 20,29, 22,34, 20,34 ]
        },
        {
            "shape": [ 67,37, 57,37, 54,33, 54,30, 67,14, 72,29, 71,34 ]
        },
        {
            "shape": [ 1,26, 4,20, 4,34, 1,32 ]
        },
        {
            "shape": [ 22,34, 33,37, 23,37 ]
        },
        {
            "shape": [ 20,29, 29,7, 38,28, 36,34, 33,37, 22,34 ]
        },
        {
            "shape": [ 45,4, 48,6, 29,7, 34,4 ]
        },
        {
            "shape": [ 55,8, 65,12, 38,28, 29,7, 48,6 ]
        }
    ]
}
