{ "height":6,
 "layers":[
        {
         "data":[0, 0, 0, 0, 0, 0, 0, 0, 0, 0, 0, 0, 0, 0, 0, 0, 0, 0, 0, 0, 0, 0, 0, 0, 0, 0, 0, 0, 0, 0, 0, 0, 0, 0, 0, 0, 0, 0, 0, 0, 0, 0, 0, 0, 0, 0, 0, 0, 0, 0, 0, 0, 0, 0, 0, 0, 0, 0, 0, 0, 0, 0, 0, 0, 0, 0, 0, 0, 0, 0, 0, 0, 0, 0, 0, 0, 0, 0, 0, 0, 0, 27, 28, 28, 29, 0, 0, 0, 0, 0, 0, 0, 0, 0, 0, 0, 0, 0, 0, 0, 0, 0, 0, 0, 0, 0, 0, 0, 0, 0, 0, 0, 0, 0, 0, 0, 0, 0, 9, 0, 0, 0, 0, 7, 0, 0, 0, 0, 0, 0, 27, 28, 28, 29, 0, 0, 0, 0, 0, 0, 27, 28, 28, 29, 0, 0, 0, 0, 0, 0, 0, 0, 1, 2, 3, 4, 22, 0, 0, 0, 0, 22, 7, 8, 9, 1, 2, 3, 0, 0, 0, 0, 6, 7, 8, 9, 2, 3, 0, 0, 0, 0, 9, 10, 11, 12, 13, 3, 4, 5, 14, 14, 14, 14, 14, 0, 0, 0, 0, 14, 14, 14, 14, 14, 14, 14, 0, 0, 0, 0, 18, 23, 16, 15, 15, 15, 0, 0, 0, 0, 14, 14, 14, 14, 14, 14, 14, 14],
         "height":6,
         "name":"platform",
         "opacity":1,
         "type":"tilelayer",
         "visible":true,
         "width":38,
         "x":0,
         "y":0
        }, 
        {
         "draworder":"topdown",
         "name":"platformCollide",
         "objects":[
                {
                 "height":0,
                 "id":11,
                 "name":"",
                 "polyline":[
                        {
                         "x":2099.5,
                         "y":102.083333333333
                        }, 
                        {
                         "x":2099.5,
                         "y":18.3333333333334
                        }, 
                        {
                         "x":2111.41666666667,
                         "y":17.8333333333334
                        }, 
                        {
                         "x":2137.33333333333,
                         "y":-8.66666666666663
                        }, 
                        {
                         "x":2176,
                         "y":-13.3333333333333
                        }, 
                        {
                         "x":2196.66666666667,
                         "y":-32.6666666666666
                        }, 
                        {
                         "x":2284.66666666667,
                         "y":-37.3333333333333
                        }, 
                        {
                         "x":2303.33333333333,
                         "y":-11.3333333333333
                        }, 
                        {
                         "x":2346,
                         "y":-0.666666666666629
                        }, 
                        {
                         "x":2444,
                         "y":-2.66666666666663
                        }, 
                        {
                         "x":2466.66666666667,
                         "y":-28
                        }, 
                        {
                         "x":2556.66666666667,
                         "y":-33.3333333333333
                        }, 
                        {
                         "x":2617.33333333333,
                         "y":-9.33333333333331
                        }, 
                        {
                         "x":2659.33333333333,
                         "y":-8.66666666666663
                        }, 
                        {
                         "x":2659.33333333333,
                         "y":103.333333333333
                        }],
                 "rotation":0,
                 "type":"",
                 "visible":true,
                 "width":0,
                 "x":0.666666666666667,
                 "y":316.666666666667
                }, 
                {
                 "height":0,
                 "id":12,
                 "name":"",
                 "polyline":[
                        {
                         "x":0,
                         "y":0
                        }, 
                        {
                         "x":47.5,
                         "y":-8
                        }, 
                        {
                         "x":193.5,
                         "y":-8
                        }, 
                        {
                         "x":205.5,
                         "y":-8
                        }, 
                        {
                         "x":245,
                         "y":0
                        }],
                 "rotation":0,
                 "type":"",
                 "visible":true,
                 "width":0,
                 "x":371.16,
                 "y":207.63603030303
                }, 
                {
                 "height":0,
                 "id":13,
                 "name":"",
                 "polyline":[
                        {
                         "x":0,
                         "y":0
                        }, 
                        {
                         "x":57.3333,
                         "y":-10.3333
                        }, 
                        {
                         "x":126.667,
                         "y":-10
                        }, 
                        {
                         "x":212,
                         "y":-9.66667
                        }, 
                        {
                         "x":224,
                         "y":-8.66667
                        }, 
                        {
                         "x":263.667,
                         "y":-2
                        }],
                 "rotation":0,
                 "type":"",
                 "visible":true,
                 "width":0,
                 "x":363,
                 "y":159.30303030303
                }, 
                {
                 "height":0,
                 "id":16,
                 "name":"",
                 "polyline":[
                        {
                         "x":0,
                         "y":0
                        }, 
                        {
                         "x":47.5,
                         "y":-8
                        }, 
                        {
                         "x":193.5,
                         "y":-8
                        }, 
                        {
                         "x":205.5,
                         "y":-8
                        }, 
                        {
                         "x":245,
                         "y":0
                        }],
                 "rotation":0,
                 "type":"",
                 "visible":true,
                 "width":0,
                 "x":1840.29636363636,
                 "y":277.181484848485
                }, 
                {
                 "height":0,
                 "id":17,
                 "name":"",
                 "polyline":[
                        {
                         "x":0,
                         "y":0
                        }, 
                        {
                         "x":57.3333,
                         "y":-10.3333
                        }, 
                        {
                         "x":126.667,
                         "y":-10
                        }, 
                        {
                         "x":212,
                         "y":-9.66667
                        }, 
                        {
                         "x":224,
                         "y":-8.66667
                        }, 
                        {
                         "x":263.667,
                         "y":-2
                        }],
                 "rotation":0,
                 "type":"",
                 "visible":true,
                 "width":0,
                 "x":1832.13636363636,
                 "y":228.848484848485
                }, 
                {
                 "height":0,
                 "id":18,
                 "name":"",
                 "polyline":[
                        {
                         "x":0,
                         "y":0
                        }, 
                        {
                         "x":32,
                         "y":-4
                        }, 
                        {
                         "x":39.3333333333333,
                         "y":4
                        }, 
                        {
                         "x":88.6666666666667,
                         "y":8
                        }, 
                        {
                         "x":134,
                         "y":-4
                        }, 
                        {
                         "x":156,
                         "y":-29.3333333333333
                        }, 
                        {
                         "x":250.333333333333,
                         "y":-33.3333333333333
                        }, 
                        {
                         "x":279.666666666667,
                         "y":-21.3333333333333
                        }, 
                        {
                         "x":279.666666666667,
                         "y":-52
                        }, 
                        {
                         "x":291.166666666667,
                         "y":-52
                        }, 
                        {
                         "x":317.583333333333,
                         "y":-79.3333333333333
                        }, 
                        {
                         "x":349.125,
                         "y":-82.6666666666667
                        }, 
                        {
                         "x":348.333333333333,
                         "y":104.333333333333
                        }, 
                        {
                         "x":1.86517468137026e-14,
                         "y":100
                        }],
                 "rotation":0,
                 "type":"",
                 "visible":true,
                 "width":0,
                 "x":0.666666666666667,
                 "y":316.666666666667
                }, 
                {
                 "height":0,
                 "id":20,
                 "name":"",
                 "polyline":[
                        {
                         "x":628.833333333333,
                         "y":100.833333333333
                        }, 
                        {
                         "x":629.229166666667,
                         "y":-94.3124999999999
                        }, 
                        {
                         "x":646.666666666667,
                         "y":-94.4202898550724
                        }, 
                        {
                         "x":679.939393939394,
                         "y":-62.5737812911726
                        }, 
                        {
                         "x":699.030303030303,
                         "y":-62.1818181818182
                        }, 
                        {
                         "x":699.318181818182,
                         "y":-24.4545454545454
                        }, 
                        {
                         "x":716.575757575758,
                         "y":-24.3522727272727
                        }, 
                        {
                         "x":750.083333333333,
                         "y":6.91666666666669
                        }, 
                        {
                         "x":788.416666666667,
                         "y":7.66666666666669
                        }, 
                        {
                         "x":813.359848484849,
                         "y":17.4090909090909
                        }, 
                        {
                         "x":851.285984848485,
                         "y":17.5530303030303
                        }, 
                        {
                         "x":877.339962121212,
                         "y":-8.92045454545456
                        }, 
                        {
                         "x":909.37812911726,
                         "y":-13.0223978919631
                        }, 
                        {
                         "x":909.326086956522,
                         "y":-1.05797101449269
                        }, 
                        {
                         "x":942.954545454545,
                         "y":-3
                        }, 
                        {
                         "x":950.280303030301,
                         "y":4.63636363636368
                        }, 
                        {
                         "x":998.431818181816,
                         "y":9.06818181818181
                        }, 
                        {
                         "x":1043.70833333333,
                         "y":-3.10416666666669
                        }, 
                        {
                         "x":1066.52083333333,
                         "y":-28.5520833333333
                        }, 
                        {
                         "x":1119.26041666666,
                         "y":-31.5487689393939
                        }, 
                        {
                         "x":1119.66666666666,
                         "y":104
                        }, 
                        {
                         "x":631.33333333333,
                         "y":102.333333333333
                        }],
                 "rotation":0,
                 "type":"",
                 "visible":true,
                 "width":0,
                 "x":0.666666666666667,
                 "y":316.666666666667
                }, 
                {
                 "height":0,
                 "id":21,
                 "name":"",
                 "polyline":[
                        {
                         "x":1397.33333333333,
                         "y":33.333333333333
                        }, 
                        {
                         "x":1396.89393939394,
                         "y":-79.6666666666666
                        }, 
                        {
                         "x":1418.95454545455,
                         "y":-93.0454545454544
                        }, 
                        {
                         "x":1482.83333333333,
                         "y":-94.8333333333333
                        }, 
                        {
                         "x":1516.95833333333,
                         "y":-60.1249999999999
                        }, 
                        {
                         "x":1551.46212121212,
                         "y":-62.3863636363636
                        }, 
                        {
                         "x":1583,
                         "y":-50.9166666666666
                        }, 
                        {
                         "x":1620.91666666667,
                         "y":-51.2499999999999
                        }, 
                        {
                         "x":1647.47727272728,
                         "y":-79.1363636363636
                        }, 
                        {
                         "x":1679.42424242425,
                         "y":-82.7045454545454
                        }, 
                        {
                         "x":1679.39772727273,
                         "y":-62.1136363636364
                        }, 
                        {
                         "x":1698.37121212122,
                         "y":-61.0227272727273
                        }, 
                        {
                         "x":1742.76136363636,
                         "y":-73.2765151515151
                        }, 
                        {
                         "x":1765.6231060606,
                         "y":-98.0700757575757
                        }, 
                        {
                         "x":1816.05397727273,
                         "y":-102.466856060606
                        }, 
                        {
                         "x":1817.99242424242,
                         "y":34.443181818182
                        }, 
                        {
                         "x":1399.83333333333,
                         "y":36.75
                        }],
                 "rotation":0,
                 "type":"",
                 "visible":true,
                 "width":0,
                 "x":2.66666666666667,
                 "y":386.666666666667
                }, 
                {
                 "height":0,
                 "id":24,
                 "name":"",
                 "polyline":[
                        {
                         "x":0,
                         "y":0
                        }, 
                        {
                         "x":57.3333,
                         "y":-10.3333
                        }, 
                        {
                         "x":126.667,
                         "y":-10
                        }, 
                        {
                         "x":212,
                         "y":-9.66667
                        }, 
                        {
                         "x":224,
                         "y":-8.66667
                        }, 
                        {
                         "x":263.667,
                         "y":-2
                        }],
                 "rotation":0,
                 "type":"",
                 "visible":true,
                 "width":0,
                 "x":1132.34,
                 "y":229.417
                }, 
                {
                 "height":0,
                 "id":25,
                 "name":"",
                 "polyline":[
                        {
                         "x":0,
                         "y":0
                        }, 
                        {
                         "x":47.5,
                         "y":-8
                        }, 
                        {
                         "x":193.5,
                         "y":-8
                        }, 
                        {
                         "x":205.5,
                         "y":-8
                        }, 
                        {
                         "x":245,
                         "y":0
                        }],
                 "rotation":0,
                 "type":"",
                 "visible":true,
                 "width":0,
                 "x":1140.5,
                 "y":277.75
                }],
         "opacity":1,
         "type":"objectgroup",
         "visible":true,
         "x":0,
         "y":0
        }],
 "nextobjectid":28,
 "orientation":"orthogonal",
 "properties":
    {
     "wheelX":[{"start":2,"end":18},{"start":20,"end":36},{"start":54,"end":70}],
     "wheelY":"20",
     "xList":null
    },
 "propertytypes":
    {
     "wheelX":"",
     "wheelY":"string",
     "xList":""
    },
 "renderorder":"right-down",
 "tileheight":70,
 "tilesets":[
        {
         "columns":13,
         "firstgid":1,
         "image":"platform.png",
         "imageheight":140,
         "imagewidth":910,
         "margin":0,
         "name":"platformTiles",
         "spacing":0,
         "tilecount":26,
         "tileheight":70,
         "tilewidth":70
        }, 
        {
         "columns":3,
         "firstgid":27,
         "image":"tube.png",
         "imageheight":70,
         "imagewidth":210,
         "margin":0,
         "name":"tubeTiles",
         "spacing":0,
         "tilecount":3,
         "tileheight":70,
         "tilewidth":70
        }],
 "tilewidth":70,
 "type":"map",
 "version":"2017.05.26",
 "width":38
}