{ "height":6,
 "layers":[
        {
         "data":[0, 0, 0, 0, 0, 0, 0, 0, 0, 0, 0, 0, 0, 0, 0, 0, 0, 0, 0, 0, 0, 0, 0, 0, 0, 0, 0, 0, 0, 0, 0, 0, 0, 0, 0, 0, 0, 0, 0, 0, 0, 0, 0, 0, 0, 0, 0, 0, 0, 0, 0, 0, 0, 0, 0, 0, 0, 0, 0, 0, 0, 0, 0, 0, 0, 0, 0, 0, 0, 0, 0, 0, 0, 0, 0, 0, 0, 0, 0, 0, 0, 27, 28, 28, 29, 0, 0, 0, 0, 0, 0, 0, 27, 28, 28, 29, 0, 0, 0, 0, 0, 0, 27, 28, 28, 29, 0, 0, 0, 0, 0, 0, 0, 0, 0, 0, 0, 0, 0, 0, 0, 0, 0, 0, 0, 0, 0, 0, 0, 0, 0, 0, 0, 0, 0, 0, 0, 0, 0, 0, 0, 0, 0, 0, 0, 0, 0, 0, 0, 0, 0, 0, 1, 2, 3, 4, 5, 6, 7, 8, 9, 10, 11, 12, 13, 3, 4, 5, 6, 7, 8, 9, 10, 11, 12, 13, 3, 4, 5, 6, 7, 8, 9, 10, 11, 12, 13, 3, 4, 5, 14, 14, 14, 14, 14, 14, 14, 14, 14, 14, 14, 14, 14, 14, 14, 14, 14, 14, 14, 14, 14, 14, 14, 14, 14, 14, 14, 14, 14, 14, 14, 14, 14, 14, 14, 14, 14, 14],
         "height":6,
         "name":"platform",
         "opacity":1,
         "type":"tilelayer",
         "visible":true,
         "width":38,
         "x":0,
         "y":0
        }, 
        {
         "draworder":"topdown",
         "name":"platformCollide",
         "objects":[
                {
                 "height":0,
                 "id":11,
                 "name":"",
                 "polyline":[
                        {
                         "x":0,
                         "y":0
                        }, 
                        {
                         "x":32,
                         "y":-4
                        }, 
                        {
                         "x":39.3333333333333,
                         "y":4
                        }, 
                        {
                         "x":88.6666666666667,
                         "y":8
                        }, 
                        {
                         "x":134,
                         "y":-4
                        }, 
                        {
                         "x":156,
                         "y":-29.3333333333333
                        }, 
                        {
                         "x":248,
                         "y":-34
                        }, 
                        {
                         "x":306.666666666667,
                         "y":-10
                        }, 
                        {
                         "x":348,
                         "y":-10
                        }, 
                        {
                         "x":371.333333333333,
                         "y":-24.6666666666666
                        }, 
                        {
                         "x":434,
                         "y":-26
                        }, 
                        {
                         "x":469.333333333333,
                         "y":6.66666666666669
                        }, 
                        {
                         "x":508,
                         "y":6
                        }, 
                        {
                         "x":533.333333333333,
                         "y":17.3333333333334
                        }, 
                        {
                         "x":571.333333333333,
                         "y":16.6666666666667
                        }, 
                        {
                         "x":597.333333333333,
                         "y":-8.66666666666663
                        }, 
                        {
                         "x":635.333333333333,
                         "y":-13.3333333333333
                        }, 
                        {
                         "x":656.666666666667,
                         "y":-32.6666666666666
                        }, 
                        {
                         "x":742.666666666667,
                         "y":-38
                        }, 
                        {
                         "x":763.333333333333,
                         "y":-12
                        }, 
                        {
                         "x":804.666666666667,
                         "y":-1.33333333333331
                        }, 
                        {
                         "x":902.666666666667,
                         "y":-2.66666666666663
                        }, 
                        {
                         "x":926,
                         "y":-28.6666666666666
                        }, 
                        {
                         "x":1018,
                         "y":-34
                        }, 
                        {
                         "x":1077.33333333333,
                         "y":-10
                        }, 
                        {
                         "x":1119.33333333333,
                         "y":-10
                        }, 
                        {
                         "x":1141.33333333333,
                         "y":-24.6666666666666
                        }, 
                        {
                         "x":1206.66666666667,
                         "y":-25.3333333333333
                        }, 
                        {
                         "x":1240,
                         "y":6.66666666666669
                        }, 
                        {
                         "x":1276.66666666667,
                         "y":5.33333333333337
                        }, 
                        {
                         "x":1304,
                         "y":17.3333333333334
                        }, 
                        {
                         "x":1342.66666666667,
                         "y":17.3333333333334
                        }, 
                        {
                         "x":1368,
                         "y":-9.33333333333331
                        }, 
                        {
                         "x":1406.66666666667,
                         "y":-12.6666666666666
                        }, 
                        {
                         "x":1427.33333333333,
                         "y":-31.3333333333333
                        }, 
                        {
                         "x":1512.66666666667,
                         "y":-37.3333333333333
                        }, 
                        {
                         "x":1533.33333333333,
                         "y":-11.3333333333333
                        }, 
                        {
                         "x":1577.33333333333,
                         "y":-1.33333333333331
                        }, 
                        {
                         "x":1674.66666666667,
                         "y":-3.33333333333331
                        }, 
                        {
                         "x":1696,
                         "y":-28.6666666666666
                        }, 
                        {
                         "x":1788.66666666667,
                         "y":-34
                        }, 
                        {
                         "x":1849.33333333333,
                         "y":-10
                        }, 
                        {
                         "x":1888,
                         "y":-10
                        }, 
                        {
                         "x":1913.33333333333,
                         "y":-24.6666666666666
                        }, 
                        {
                         "x":1976.66666666667,
                         "y":-25.3333333333333
                        }, 
                        {
                         "x":2010,
                         "y":7.33333333333337
                        }, 
                        {
                         "x":2047.33333333333,
                         "y":5.33333333333337
                        }, 
                        {
                         "x":2074,
                         "y":18
                        }, 
                        {
                         "x":2112,
                         "y":17.3333333333334
                        }, 
                        {
                         "x":2137.33333333333,
                         "y":-8.66666666666663
                        }, 
                        {
                         "x":2176,
                         "y":-13.3333333333333
                        }, 
                        {
                         "x":2196.66666666667,
                         "y":-32.6666666666666
                        }, 
                        {
                         "x":2284.66666666667,
                         "y":-37.3333333333333
                        }, 
                        {
                         "x":2303.33333333333,
                         "y":-11.3333333333333
                        }, 
                        {
                         "x":2346,
                         "y":-0.666666666666629
                        }, 
                        {
                         "x":2444,
                         "y":-2.66666666666663
                        }, 
                        {
                         "x":2466.66666666667,
                         "y":-28
                        }, 
                        {
                         "x":2556.66666666667,
                         "y":-33.3333333333333
                        }, 
                        {
                         "x":2617.33333333333,
                         "y":-9.33333333333331
                        }, 
                        {
                         "x":2659.33333333333,
                         "y":-8.66666666666663
                        }, 
                        {
                         "x":2659.33333333333,
                         "y":103.333333333333
                        }, 
                        {
                         "x":-0.666666666666667,
                         "y":103.333333333333
                        }, 
                        {
                         "x":-0.666666666666667,
                         "y":-2.66666666666663
                        }],
                 "rotation":0,
                 "type":"",
                 "visible":true,
                 "width":0,
                 "x":0.666666666666667,
                 "y":316.666666666667
                }, 
                {
                 "height":0,
                 "id":12,
                 "name":"",
                 "polyline":[
                        {
                         "x":0,
                         "y":0
                        }, 
                        {
                         "x":47.5,
                         "y":-8
                        }, 
                        {
                         "x":193.5,
                         "y":-8
                        }, 
                        {
                         "x":205.5,
                         "y":-8
                        }, 
                        {
                         "x":245,
                         "y":0
                        }],
                 "rotation":0,
                 "type":"",
                 "visible":true,
                 "width":0,
                 "x":371.16,
                 "y":207.63603030303
                }, 
                {
                 "height":0,
                 "id":13,
                 "name":"",
                 "polyline":[
                        {
                         "x":0,
                         "y":0
                        }, 
                        {
                         "x":57.3333,
                         "y":-10.3333
                        }, 
                        {
                         "x":126.667,
                         "y":-10
                        }, 
                        {
                         "x":212,
                         "y":-9.66667
                        }, 
                        {
                         "x":224,
                         "y":-8.66667
                        }, 
                        {
                         "x":263.667,
                         "y":-2
                        }],
                 "rotation":0,
                 "type":"",
                 "visible":true,
                 "width":0,
                 "x":363,
                 "y":159.30303030303
                }, 
                {
                 "height":0,
                 "id":14,
                 "name":"",
                 "polyline":[
                        {
                         "x":0,
                         "y":0
                        }, 
                        {
                         "x":47.5,
                         "y":-8
                        }, 
                        {
                         "x":193.5,
                         "y":-8
                        }, 
                        {
                         "x":205.5,
                         "y":-8
                        }, 
                        {
                         "x":245,
                         "y":0
                        }],
                 "rotation":0,
                 "type":"",
                 "visible":true,
                 "width":0,
                 "x":1140.49333333333,
                 "y":206.999666666667
                }, 
                {
                 "height":0,
                 "id":15,
                 "name":"",
                 "polyline":[
                        {
                         "x":0,
                         "y":0
                        }, 
                        {
                         "x":57.3333,
                         "y":-10.3333
                        }, 
                        {
                         "x":126.667,
                         "y":-10
                        }, 
                        {
                         "x":212,
                         "y":-9.66667
                        }, 
                        {
                         "x":224,
                         "y":-8.66667
                        }, 
                        {
                         "x":263.667,
                         "y":-2
                        }],
                 "rotation":0,
                 "type":"",
                 "visible":true,
                 "width":0,
                 "x":1132.33333333333,
                 "y":158.666666666667
                }, 
                {
                 "height":0,
                 "id":16,
                 "name":"",
                 "polyline":[
                        {
                         "x":0,
                         "y":0
                        }, 
                        {
                         "x":47.5,
                         "y":-8
                        }, 
                        {
                         "x":193.5,
                         "y":-8
                        }, 
                        {
                         "x":205.5,
                         "y":-8
                        }, 
                        {
                         "x":245,
                         "y":0
                        }],
                 "rotation":0,
                 "type":"",
                 "visible":true,
                 "width":0,
                 "x":1841.79636363636,
                 "y":208.181484848485
                }, 
                {
                 "height":0,
                 "id":17,
                 "name":"",
                 "polyline":[
                        {
                         "x":0,
                         "y":0
                        }, 
                        {
                         "x":57.3333,
                         "y":-10.3333
                        }, 
                        {
                         "x":126.667,
                         "y":-10
                        }, 
                        {
                         "x":212,
                         "y":-9.66667
                        }, 
                        {
                         "x":224,
                         "y":-8.66667
                        }, 
                        {
                         "x":263.667,
                         "y":-2
                        }],
                 "rotation":0,
                 "type":"",
                 "visible":true,
                 "width":0,
                 "x":1833.63636363636,
                 "y":159.848484848485
                }],
         "opacity":1,
         "type":"objectgroup",
         "visible":true,
         "x":0,
         "y":0
        }],
 "nextobjectid":18,
 "orientation":"orthogonal",
 "properties":
    {
     "wheelX":[{"start":2,"end":18},{"start":20,"end":36},{"start":54,"end":70}],
     "wheelY":"20",
     "xList":null
    },
 "propertytypes":
    {
     "wheelX":"",
     "wheelY":"string",
     "xList":""
    },
 "renderorder":"right-down",
 "tileheight":70,
 "tilesets":[
        {
         "columns":13,
         "firstgid":1,
         "image":"platform.png",
         "imageheight":140,
         "imagewidth":910,
         "margin":0,
         "name":"platformTiles",
         "spacing":0,
         "tilecount":26,
         "tileheight":70,
         "tilewidth":70
        }, 
        {
         "columns":3,
         "firstgid":27,
         "image":"tube.png",
         "imageheight":70,
         "imagewidth":210,
         "margin":0,
         "name":"tubeTiles",
         "spacing":0,
         "tilecount":3,
         "tileheight":70,
         "tilewidth":70
        }],
 "tilewidth":70,
 "type":"map",
 "version":"2017.05.26",
 "width":38
}