{
  "categories": [{
    "name": "Aksesoris Audio",
    "url": "/c/onderdil-mobil/audio-mobil/aksesoris-audio",
    "count": "2498",
    "sub": null
  }, {
    "name": "Head Unit",
    "url": "/c/onderdil-mobil/audio-mobil/head-unit",
    "count": "2490",
    "sub": null
  }, {
    "name": "Speaker",
    "url": "/c/onderdil-mobil/audio-mobil/speaker-393",
    "count": "1345",
    "sub": null
  }, {
    "name": "Power Amplifier",
    "url": "/c/onderdil-mobil/audio-mobil/power-amplifier",
    "count": "921",
    "sub": null
  }, {
    "name": "Fullset Audio System",
    "url": "/c/onderdil-mobil/audio-mobil/fullset-audio-system",
    "count": "905",
    "sub": null
  }, {
    "name": "Subwoofer",
    "url": "/c/onderdil-mobil/audio-mobil/subwoofer",
    "count": "870",
    "sub": null
  }]
}