{
  "categories": [{
    "name": "HID &amp; Bohlam",
    "url": "/c/onderdil-mobil/eksterior-mobil/hid-bohlam",
    "count": "16830",
    "sub": null
  }, {
    "name": "Wiper",
    "url": "/c/onderdil-mobil/eksterior-mobil/wiper",
    "count": "13547",
    "sub": null
  }, {
    "name": "Headlamp &amp; Stoplamp",
    "url": "/c/onderdil-mobil/eksterior-mobil/headlamp-stoplamp",
    "count": "12888",
    "sub": null
  }, {
    "name": "Spion",
    "url": "/c/onderdil-mobil/eksterior-mobil/spion",
    "count": "1237",
    "sub": null
  }, {
    "name": "Grill",
    "url": "/c/onderdil-mobil/eksterior-mobil/grill",
    "count": "1228",
    "sub": null
  }]
}