{
  "categories": [{
    "name": "Jok &amp; Trim",
    "url": "/c/onderdil-mobil/interior-mobil/jok-trim",
    "count": "3781",
    "sub": null
  }, {
    "name": "Stir",
    "url": "/c/onderdil-mobil/interior-mobil/stir",
    "count": "969",
    "sub": null
  }, {
    "name": "Shift Knob &amp; Handbrake",
    "url": "/c/onderdil-mobil/interior-mobil/shift-knob-handbrake",
    "count": "548",
    "sub": null
  }, {
    "name": "Pedal",
    "url": "/c/onderdil-mobil/interior-mobil/pedal",
    "count": "493",
    "sub": null
  }, {
    "name": "Speedometer &amp; Gauge",
    "url": "/c/onderdil-mobil/interior-mobil/speedometer-gauge",
    "count": "489",
    "sub": null
  }]
}