{
  "categories": [{
    "name": "Air Filter &amp; Intake System",
    "url": "/c/onderdil-mobil/mesin-mobil/air-filter-intake-system",
    "count": "9570",
    "sub": null
  }, {
    "name": "Turbo &amp; Parts",
    "url": "/c/onderdil-mobil/mesin-mobil/turbo-parts",
    "count": "7838",
    "sub": null
  }, {
    "name": "Radiator",
    "url": "/c/onderdil-mobil/mesin-mobil/radiator",
    "count": "1377",
    "sub": null
  }, {
    "name": "ECU &amp; Piggyback",
    "url": "/c/onderdil-mobil/mesin-mobil/ecu-piggyback",
    "count": "1093",
    "sub": null
  }]
}