{ 
    
    "car": [
        {
            "shape": [ 33,41, 10,12, 94,30, 96,31, 95,41 ]
        },
        {
            "shape": [ 18,46, 13,41, 4,30, 4,23, 10,12, 33,41, 28,46 ]
        },
        {
            "shape": [ 63,46, 58,41, 78,41, 73,46 ]
        },
        {
            "shape": [ 4,30, 13,41, 3,41, 1,39, 1,31 ]
        },
        {
            "shape": [ 94,30, 10,12, 14,9, 61,7, 64,7, 90,21, 94,26 ]
        },
        {
            "shape": [ 27,5, 59,5, 61,7, 14,9, 15,6 ]
        },
        {
            "shape": [ 49,5, 27,5, 29,1, 48,1 ]
        }
    ]
}
