{
  "categories": [{
    "name": "Lain-lain",
    "url": "/c/kamera/aksesoris-kamera/lain-lain-896",
    "count": "14544",
    "sub": null
  }, {
    "name": "Screen Protector",
    "url": "/c/kamera/aksesoris-kamera/screen-protector-887",
    "count": "1034",
    "sub": null
  }, {
    "name": "Cleaning Kit",
    "url": "/c/kamera/aksesoris-kamera/cleaning-kit",
    "count": "878",
    "sub": null
  }, {
    "name": "Eye Cup",
    "url": "/c/kamera/aksesoris-kamera/eye-cup",
    "count": "811",
    "sub": null
  }, {
    "name": "Diffuser",
    "url": "/c/kamera/aksesoris-kamera/diffuser",
    "count": "778",
    "sub": null
  }, {
    "name": "Silica Gel",
    "url": "/c/kamera/aksesoris-kamera/silica-gel",
    "count": "436",
    "sub": null
  }, {
    "name": "Lenspen",
    "url": "/c/kamera/aksesoris-kamera/lenspen",
    "count": "379",
    "sub": null
  }, {
    "name": "Hot Shoe",
    "url": "/c/kamera/aksesoris-kamera/hot-shoe",
    "count": "353",
    "sub": null
  }, {
    "name": "Stepping Ring",
    "url": "/c/kamera/aksesoris-kamera/stepping-ring",
    "count": "223",
    "sub": null
  }, {
    "name": "Hygrometer",
    "url": "/c/kamera/aksesoris-kamera/hygrometer",
    "count": "163",
    "sub": null
  }, {
    "name": "Ball Head",
    "url": "/c/kamera/aksesoris-kamera/ball-head",
    "count": "145",
    "sub": null
  }, {
    "name": "Flash Shoe",
    "url": "/c/kamera/aksesoris-kamera/flash-shoe",
    "count": "144",
    "sub": null
  }, {
    "name": "Blower",
    "url": "/c/kamera/aksesoris-kamera/blower",
    "count": "109",
    "sub": null
  }]
}