{
  "categories": [{
    "name": "Novel",
    "url": "/c/buku/novel",
    "count": 52807,
    "sub": null
  }, {
    "name": "Agama &amp; Kepercayaan",
    "url": "/c/buku/agama-kepercayaan",
    "count": 35668,
    "sub": "buku/agama-kepercayaan.json"
  }, {
    "name": "Komik",
    "url": "/c/buku/komik",
    "count": 34952,
    "sub": null
  }, {
    "name": "Anak-anak",
    "url": "/c/buku/anak-anak",
    "count": 19682,
    "sub": null
  }, {
    "name": "Pendidikan",
    "url": "/c/buku/pendidikan",
    "count": 19579,
    "sub": null
  }, {
    "name": "Lain-lain",
    "url": "/c/buku/lain-lain-506",
    "count": 12714,
    "sub": null
  }, {
    "name": "Komputer",
    "url": "/c/buku/komputer-487",
    "count": 11314,
    "sub": null
  }, {
    "name": "Pengembangan Diri",
    "url": "/c/buku/pengembangan-diri",
    "count": 10795,
    "sub": null
  }, {
    "name": "Bisnis",
    "url": "/c/buku/bisnis",
    "count": 6593,
    "sub": null
  }, {
    "name": "Hobi &amp; Keterampilan 5659",
    "url": "/c/buku/hobi-keterampilan",
    "count": 5659,
    "sub": null
  }, {
    "name": "Kesehatan",
    "url": "/c/buku/kesehatan",
    "count": 5265,
    "sub": null
  }, {
    "name": "Sejarah",
    "url": "/c/buku/sejarah",
    "count": 4946,
    "sub": null
  }, {
    "name": "Ekonomi &amp; Akuntansi",
    "url": "/c/buku/ekonomi-akuntansi",
    "count": 4482,
    "sub": null
  }, {
    "name": "Sosial",
    "url": "/c/buku/sosial",
    "count": 4330,
    "sub": null
  }, {
    "name": "Politik",
    "url": "/c/buku/politik",
    "count": 4284,
    "sub": null
  }, {
    "name": "Hukum",
    "url": "/c/buku/hukum",
    "count": 3930,
    "sub": null
  }, {
    "name": "Biografi",
    "url": "/c/buku/biografi",
    "count": 3748,
    "sub": null
  }, {
    "name": "Bahasa",
    "url": "/c/buku/bahasa",
    "count": 3498,
    "sub": null
  }, {
    "name": "Sastra",
    "url": "/c/buku/sastra",
    "count": 3450,
    "sub": null
  }, {
    "name": "Desain",
    "url": "/c/buku/desain",
    "count": 3363,
    "sub": null
  }, {
    "name": "Teknik",
    "url": "/c/buku/teknik",
    "count": 3249,
    "sub": null
  }, {
    "name": "Manajemen",
    "url": "/c/buku/manajemen",
    "count": 3230,
    "sub": null
  }, {
    "name": "Kedokteran",
    "url": "/c/buku/kedokteran",
    "count": 3068,
    "sub": null
  }, {
    "name": "Majalah",
    "url": "/c/buku/majalah",
    "count": 2988,
    "sub": null
  }, {
    "name": "Masak",
    "url": "/c/buku/masak",
    "count": 2797,
    "sub": null
  }, {
    "name": "Psikologi",
    "url": "/c/buku/psikologi",
    "count": 2653,
    "sub": null
  }, {
    "name": "Parenting",
    "url": "/c/buku/parenting",
    "count": 2238,
    "sub": null
  }, {
    "name": "Seni &amp; Budaya",
    "url": "/c/buku/seni-budaya",
    "count": 1651,
    "sub": null
  }, {
    "name": "Pertanian",
    "url": "/c/buku/pertanian",
    "count": 1579,
    "sub": null
  }, {
    "name": "Kamus",
    "url": "/c/buku/kamus",
    "count": 1493,
    "sub": null
  }, {
    "name": "Fashion Design",
    "url": "/c/buku/fashion-design",
    "count": 837,
    "sub": null
  }, {
    "name": "Pariwisata",
    "url": "/c/buku/pariwisata",
    "count": 834,
    "sub": null
  }, {
    "name": "Filsafat",
    "url": "/c/buku/filsafat",
    "count": 540,
    "sub": null
  }, {
    "name": "Import",
    "url": "/c/buku/import",
    "count": 503,
    "sub": null
  }, {
    "name": "Kesekretariatan",
    "url": "/c/buku/kesekretariatan",
    "count": 61,
    "sub": null
  }]
}