{ 
    
    "car": [
        {
            "shape": [ 92,28, 73,7, 89,7, 99,11, 100,28 ]
        },
        {
            "shape": [ 0,11, 3,9, 18,9, 7,28, 0,27 ]
        },
        {
            "shape": [ 7,31, 7,28, 27,29, 27,32, 23,37, 11,37 ]
        },
        {
            "shape": [ 88,35, 72,28, 31,0, 67,4, 73,7, 92,28, 91,34 ]
        },
        {
            "shape": [ 72,28, 88,35, 88,37, 77,37, 73,34 ]
        },
        {
            "shape": [ 24,2, 30,2, 18,9, 20,4 ]
        },
        {
            "shape": [ 67,4, 31,0, 60,0, 66,2 ]
        },
        {
            "shape": [ 30,2, 71,29, 27,29, 7,28, 18,9 ]
        },
        {
            "shape": [ 31,0, 72,28, 71,29, 30,2 ]
        }
    ]
}
