{ "height":6,
 "layers":[
        {
         "data":[0, 0, 0, 0, 0, 0, 0, 0, 0, 0, 0, 0, 0, 0, 0, 0, 0, 0, 0, 0, 0, 0, 0, 0, 0, 0, 0, 0, 0, 0, 0, 0, 0, 0, 0, 0, 0, 0, 0, 0, 0, 0, 0, 0, 0, 0, 0, 50, 51, 51, 52, 0, 0, 0, 0, 0, 0, 0, 0, 0, 0, 0, 0, 0, 0, 0, 0, 0, 0, 0, 0, 0, 0, 0, 0, 0, 0, 0, 0, 0, 0, 0, 0, 0, 0, 0, 0, 0, 0, 0, 0, 0, 0, 0, 0, 0, 50, 51, 51, 52, 0, 0, 0, 0, 0, 0, 0, 0, 0, 0, 50, 51, 51, 52, 0, 0, 0, 0, 0, 0, 25, 2, 2, 10, 0, 0, 0, 0, 0, 0, 0, 0, 0, 0, 0, 0, 0, 0, 0, 0, 0, 0, 0, 0, 0, 0, 0, 0, 0, 0, 0, 0, 32, 0, 0, 25, 30, 2, 2, 37, 30, 2, 2, 32, 0, 0, 0, 0, 25, 2, 45, 0, 0, 0, 0, 25, 37, 2, 32, 0, 0, 0, 25, 37, 2, 32, 0, 0, 25, 37, 2, 30, 2, 37, 2, 37, 30, 2, 2, 37, 30, 2, 32, 0, 25, 8, 30, 37, 2, 32, 0, 0, 25, 30, 2, 2, 30, 32, 0, 25, 30, 2, 2, 37, 30, 2, 2, 30],
         "height":6,
         "name":"platform",
         "offsetx":-139.393939393939,
         "offsety":-48.4848484848485,
         "opacity":1,
         "type":"tilelayer",
         "visible":true,
         "width":38,
         "x":0,
         "y":0
        }, 
        {
         "draworder":"topdown",
         "name":"platformCollide",
         "objects":[
                {
                 "height":0,
                 "id":3,
                 "name":"",
                 "polyline":[
                        {
                         "x":0,
                         "y":-5.33333333333337
                        }, 
                        {
                         "x":70.6666666666667,
                         "y":65.6666666666667
                        }, 
                        {
                         "x":210.333333333333,
                         "y":65.3333333333333
                        }, 
                        {
                         "x":280.666666666667,
                         "y":-4.66666666666669
                        }, 
                        {
                         "x":420.666666666667,
                         "y":-4.66666666666663
                        }, 
                        {
                         "x":489.333333333333,
                         "y":-74.6666666666667
                        }, 
                        {
                         "x":701,
                         "y":-74
                        }, 
                        {
                         "x":701,
                         "y":-50.3333333333333
                        }, 
                        {
                         "x":631.333333333333,
                         "y":-4.33333333333337
                        }, 
                        {
                         "x":770.666666666667,
                         "y":-4.33333333333337
                        }, 
                        {
                         "x":841.666666666667,
                         "y":65.6666666666667
                        }, 
                        {
                         "x":909.990277777777,
                         "y":135.386805555556
                        }, 
                        {
                         "x":980.750694444442,
                         "y":135.326736111111
                        }, 
                        {
                         "x":1050.24444444444,
                         "y":65.4
                        }, 
                        {
                         "x":1120.28888888889,
                         "y":65.6166666666667
                        }, 
                        {
                         "x":1191.33333333333,
                         "y":-4.66666666666669
                        }, 
                        {
                         "x":1330,
                         "y":-4.66666666666663
                        }, 
                        {
                         "x":1329.66666666667,
                         "y":30.6666666666667
                        }, 
                        {
                         "x":1306.33333333333,
                         "y":54.8333333333333
                        }, 
                        {
                         "x":1266,
                         "y":65.3333333333334
                        }, 
                        {
                         "x":1330.58333333333,
                         "y":65.5833333333334
                        }, 
                        {
                         "x":1399.81944444444,
                         "y":134.87095959596
                        }, 
                        {
                         "x":1541.46257891414,
                         "y":134.942219065656
                        }, 
                        {
                         "x":1609.5,
                         "y":65
                        }, 
                        {
                         "x":1681.33333333333,
                         "y":-5.33333333333337
                        }, 
                        {
                         "x":1819.63636363637,
                         "y":-4.72727272727275
                        }, 
                        {
                         "x":1960.58216540404,
                         "y":135.085101010101
                        }, 
                        {
                         "x":2031.5952020202,
                         "y":134.961868686869
                        }, 
                        {
                         "x":2100,
                         "y":65.3333333333333
                        }, 
                        {
                         "x":2170.66666666667,
                         "y":-4
                        }, 
                        {
                         "x":2310.5,
                         "y":-4.41666666666663
                        }, 
                        {
                         "x":2381.33333333333,
                         "y":65.3333333333334
                        }, 
                        {
                         "x":2520,
                         "y":65.3333333333333
                        }, 
                        {
                         "x":2590.33333333333,
                         "y":-4.33333333333337
                        }, 
                        {
                         "x":2660,
                         "y":-4
                        }, 
                        {
                         "x":2659,
                         "y":135
                        }, 
                        {
                         "x":0,
                         "y":136
                        }, 
                        {
                         "x":-4,
                         "y":-12
                        }],
                 "rotation":0,
                 "type":"",
                 "visible":true,
                 "width":0,
                 "x":0,
                 "y":284
                }, 
                {
                 "height":0,
                 "id":4,
                 "name":"",
                 "polyline":[
                        {
                         "x":0,
                         "y":0
                        }, 
                        {
                         "x":57.3333,
                         "y":-10.3333
                        }, 
                        {
                         "x":126.667,
                         "y":-10
                        }, 
                        {
                         "x":212,
                         "y":-9.66667
                        }, 
                        {
                         "x":224,
                         "y":-8.66667
                        }, 
                        {
                         "x":263.667,
                         "y":-2
                        }],
                 "rotation":0,
                 "type":"",
                 "visible":true,
                 "width":0,
                 "x":643.173333333333,
                 "y":86.8336666666667
                }, 
                {
                 "height":0,
                 "id":5,
                 "name":"",
                 "polyline":[
                        {
                         "x":0,
                         "y":0
                        }, 
                        {
                         "x":47.5,
                         "y":-8
                        }, 
                        {
                         "x":193.5,
                         "y":-8
                        }, 
                        {
                         "x":205.5,
                         "y":-8
                        }, 
                        {
                         "x":245,
                         "y":0
                        }],
                 "rotation":0,
                 "type":"",
                 "visible":true,
                 "width":0,
                 "x":654.666666666667,
                 "y":139
                }, 
                {
                 "height":0,
                 "id":6,
                 "name":"",
                 "polyline":[
                        {
                         "x":0,
                         "y":0
                        }, 
                        {
                         "x":47.5,
                         "y":-8
                        }, 
                        {
                         "x":193.5,
                         "y":-8
                        }, 
                        {
                         "x":205.5,
                         "y":-8
                        }, 
                        {
                         "x":245,
                         "y":0
                        }],
                 "rotation":0,
                 "type":"",
                 "visible":true,
                 "width":0,
                 "x":1421.91,
                 "y":209.333
                }, 
                {
                 "height":0,
                 "id":7,
                 "name":"",
                 "polyline":[
                        {
                         "x":0,
                         "y":0
                        }, 
                        {
                         "x":57.3333,
                         "y":-10.3333
                        }, 
                        {
                         "x":126.667,
                         "y":-10
                        }, 
                        {
                         "x":212,
                         "y":-9.66667
                        }, 
                        {
                         "x":224,
                         "y":-8.66667
                        }, 
                        {
                         "x":263.667,
                         "y":-2
                        }],
                 "rotation":0,
                 "type":"",
                 "visible":true,
                 "width":0,
                 "x":1411.75,
                 "y":156.25
                }, 
                {
                 "height":0,
                 "id":8,
                 "name":"",
                 "polyline":[
                        {
                         "x":0,
                         "y":0
                        }, 
                        {
                         "x":47.5,
                         "y":-8
                        }, 
                        {
                         "x":193.5,
                         "y":-8
                        }, 
                        {
                         "x":205.5,
                         "y":-8
                        }, 
                        {
                         "x":245,
                         "y":0
                        }],
                 "rotation":0,
                 "type":"",
                 "visible":true,
                 "width":0,
                 "x":2402.49333333333,
                 "y":209.083
                }, 
                {
                 "height":0,
                 "id":9,
                 "name":"",
                 "polyline":[
                        {
                         "x":0,
                         "y":0
                        }, 
                        {
                         "x":57.3333,
                         "y":-10.3333
                        }, 
                        {
                         "x":126.667,
                         "y":-10
                        }, 
                        {
                         "x":212,
                         "y":-9.66667
                        }, 
                        {
                         "x":224,
                         "y":-8.66667
                        }, 
                        {
                         "x":263.667,
                         "y":-2
                        }],
                 "rotation":0,
                 "type":"",
                 "visible":true,
                 "width":0,
                 "x":2392.08333333333,
                 "y":157
                }],
         "offsetx":-140,
         "offsety":-48,
         "opacity":1,
         "type":"objectgroup",
         "visible":true,
         "x":0,
         "y":0
        }],
 "nextobjectid":10,
 "orientation":"orthogonal",
 "properties":
    {
     "wheelX":[{"start":8,"end":26},{"start":72,"end":90}],
     "wheelY":"20",
     "xList":null
    },
 "propertytypes":
    {
     "wheelX":"",
     "wheelY":"string",
     "xList":""
    },
 "renderorder":"right-down",
 "tileheight":70,
 "tilesets":[
        {
         "columns":7,
         "firstgid":1,
         "image":"platform.png",
         "imageheight":512,
         "imagewidth":512,
         "margin":0,
         "name":"platformTiles",
         "spacing":0,
         "tilecount":49,
         "tileheight":70,
         "tilewidth":70
        }, 
        {
         "columns":3,
         "firstgid":50,
         "image":"tube.png",
         "imageheight":70,
         "imagewidth":210,
         "margin":0,
         "name":"tubeTiles",
         "spacing":0,
         "tilecount":3,
         "tileheight":70,
         "tilewidth":70
        }],
 "tilewidth":70,
 "type":"map",
 "version":"2017.05.26",
 "width":38
}