{ 
    
    "car": [
        
        {
            "density": 2, "friction": 0, "bounce": 0, 
            "filter": { "categoryBits": 1, "maskBits": 65535 },
            "shape": [   2, 32  ,  5, 31  ,  95, 31  ,  98, 32  ,  59, 41  ,  13, 41  ,  2, 40  ]
        } ,
        {
            "density": 2, "friction": 0, "bounce": 0, 
            "filter": { "categoryBits": 1, "maskBits": 65535 },
            "shape": [   59, 41  ,  98, 32  ,  97, 41  ]
        } ,
        {
            "density": 2, "friction": 0, "bounce": 0, 
            "filter": { "categoryBits": 1, "maskBits": 65535 },
            "shape": [   51, 6  ,  63, 7  ,  95, 31  ,  5, 31  ,  5, 24  ,  11, 13  ,  17, 6  ]
        } ,
        {
            "density": 2, "friction": 0, "bounce": 0, 
            "filter": { "categoryBits": 1, "maskBits": 65535 },
            "shape": [   13, 41  ,  34, 41  ,  32, 45  ,  28, 47  ,  19, 47  ]
        } ,
        {
            "density": 2, "friction": 0, "bounce": 0, 
            "filter": { "categoryBits": 1, "maskBits": 65535 },
            "shape": [   59, 41  ,  80, 41  ,  78, 45  ,  74, 47  ,  65, 47  ]
        } ,
        {
            "density": 2, "friction": 0, "bounce": 0, 
            "filter": { "categoryBits": 1, "maskBits": 65535 },
            "shape": [   95, 31  ,  63, 7  ,  93, 23  ,  95, 26  ]
        } ,
        {
            "density": 2, "friction": 0, "bounce": 0, 
            "filter": { "categoryBits": 1, "maskBits": 65535 },
            "shape": [   51, 6  ,  27, 6  ,  31, 1  ,  49, 1  ]
        }
    ]
}
