       {"x":266,"y":23},{"x":289,"y":43},{"x":263,"y":25},{"x":264,"y":23},
       {"x":269,"y":21},{"x":289,"y":43},{"x":266,"y":23},{"x":267,"y":21},
       {"x":341,"y":49},{"x":336,"y":47},{"x":339,"y":47},
       {"x":899,"y":32},{"x":896,"y":36},{"x":896,"y":34},
       {"x":646,"y":46},{"x":562,"y":32},{"x":602,"y":23},
       {"x":896,"y":36},{"x":891,"y":43},{"x":893,"y":38},
       {"x":562,"y":32},{"x":379,"y":34},{"x":410,"y":0},{"x":552,"y":0},
       {"x":289,"y":43},{"x":269,"y":21},{"x":270,"y":19},{"x":276,"y":17},
       {"x":321,"y":40},{"x":336,"y":47},{"x":310,"y":45},{"x":316,"y":41},
       {"x":379,"y":34},{"x":562,"y":32},{"x":646,"y":46},{"x":345,"y":49},{"x":351,"y":42},
       {"x":150,"y":41},{"x":118,"y":41},{"x":121,"y":38},
       {"x":910,"y":138},{"x":899,"y":32},{"x":899,"y":30},{"x":910,"y":17},
       {"x":310,"y":45},{"x":289,"y":43},{"x":305,"y":43},
       {"x":263,"y":25},{"x":289,"y":43},{"x":249,"y":34},{"x":261,"y":25},
       {"x":289,"y":43},{"x":218,"y":42},{"x":249,"y":34},
       {"x":891,"y":43},{"x":910,"y":138},{"x":766,"y":50},{"x":807,"y":43},
       {"x":341,"y":49},{"x":118,"y":41},{"x":310,"y":45},{"x":336,"y":47},
       {"x":33,"y":47},{"x":0,"y":138},{"x":4,"y":21},{"x":6,"y":21},
       {"x":4,"y":21},{"x":0,"y":138},{"x":0,"y":17},
       {"x":87,"y":42},{"x":118,"y":41},{"x":341,"y":49},{"x":910,"y":138},{"x":0,"y":138},{"x":33,"y":47},
       {"x":310,"y":45},{"x":218,"y":42},{"x":289,"y":43},
       {"x":676,"y":50},{"x":910,"y":138},{"x":345,"y":49},{"x":646,"y":46},
       {"x":899,"y":32},{"x":910,"y":138},{"x":891,"y":43},
       {"x":910,"y":138},{"x":676,"y":50},{"x":766,"y":50},
       {"x":910,"y":138},{"x":341,"y":49},{"x":345,"y":49}