{ "height":6,
 "layers":[
        {
         "data":[0, 0, 0, 0, 0, 0, 0, 0, 0, 0, 0, 0, 0, 0, 0, 0, 0, 0, 0, 0, 0, 0, 0, 0, 0, 0, 0, 0, 0, 0, 0, 0, 0, 0, 0, 0, 0, 0, 0, 0, 0, 0, 0, 0, 0, 0, 0, 0, 0, 0, 0, 0, 0, 0, 0, 0, 0, 0, 0, 0, 0, 0, 0, 0, 0, 0, 0, 0, 0, 0, 0, 0, 0, 0, 0, 0, 1, 2, 2, 3, 0, 0, 0, 0, 0, 0, 0, 0, 0, 0, 0, 0, 0, 0, 0, 0, 1, 3, 0, 0, 0, 0, 0, 0, 0, 0, 0, 0, 0, 0, 0, 0, 0, 0, 0, 0, 0, 0, 0, 0, 0, 0, 0, 0, 0, 0, 0, 1, 2, 2, 3, 0, 0, 0, 0, 0, 0, 0, 1, 3, 0, 0, 0, 0, 0, 0, 0, 0, 4, 5, 5, 6, 0, 0, 0, 0, 0, 0, 0, 1, 2, 3, 0, 0, 0, 0, 0, 0, 4, 6, 0, 0, 0, 0, 0, 0, 0, 1, 2, 3, 0, 0, 0, 0, 0, 0, 0, 0, 1, 2, 3, 0, 0, 0, 0, 0, 0, 0, 0, 4, 5, 5, 6, 0, 0, 0, 0, 0, 0, 0, 4, 6, 0, 0, 0, 0, 0, 0, 0, 42, 0, 0, 0, 0, 38, 41, 0, 0, 0, 0, 0, 4, 5, 6, 0, 0, 0, 0, 0, 42, 0, 0, 41, 0, 0, 0, 0, 0, 0, 4, 5, 6, 0, 0, 0, 0, 0, 0, 0, 0, 4, 5, 6, 0, 0, 0, 0, 0, 0, 0, 42, 0, 0, 0, 0, 38, 41, 0, 0, 0, 0, 42, 0, 0, 41, 0, 0, 0, 0, 0, 42, 56, 0, 0, 0, 0, 51, 55, 41, 0, 0, 0, 42, 0, 0, 0, 38, 41, 0, 0, 42, 56, 0, 0, 55, 38, 41, 0, 0, 42, 38, 0, 0, 0, 38, 38, 38, 41, 0, 0, 42, 38, 0, 0, 0, 38, 41, 0, 0, 42, 38, 38, 56, 0, 0, 0, 0, 51, 55, 41, 0, 42, 38, 56, 0, 0, 55, 41, 0, 0, 38, 38, 56, 51, 41, 0, 0, 0, 51, 51, 55, 38, 38, 38, 56, 0, 0, 0, 51, 55, 38, 38, 56, 51, 0, 0, 51, 51, 55, 38, 38, 56, 51, 0, 0, 0, 51, 51, 51, 55, 38, 38, 56, 51, 0, 0, 0, 51, 55, 38, 38, 56, 51, 51, 51, 0, 0, 0, 0, 51, 51, 55, 38, 56, 51, 51, 0, 0, 51, 55, 38, 38],
         "height":6,
         "name":"platform",
         "offsetx":-139.394,
         "offsety":-48.4848,
         "opacity":1,
         "type":"tilelayer",
         "visible":true,
         "width":72,
         "x":0,
         "y":0
        }, 
        {
         "draworder":"topdown",
         "name":"platformCollide",
         "objects":[
                {
                 "height":0,
                 "id":10,
                 "name":"",
                 "polyline":[
                        {
                         "x":0.66667,
                         "y":65
                        }, 
                        {
                         "x":142.273,
                         "y":64.7727
                        }, 
                        {
                         "x":281.25,
                         "y":-74.6793
                        }, 
                        {
                         "x":281.522,
                         "y":65
                        }, 
                        {
                         "x":351.616,
                         "y":134.633
                        }, 
                        {
                         "x":561.375,
                         "y":134.333
                        }, 
                        {
                         "x":561.167,
                         "y":-75
                        }, 
                        {
                         "x":631.394,
                         "y":-74.773
                        }, 
                        {
                         "x":770.937,
                         "y":64.8732
                        }, 
                        {
                         "x":981.723,
                         "y":64.6547
                        }, 
                        {
                         "x":1051.16,
                         "y":-4.65193
                        }, 
                        {
                         "x":1051.29,
                         "y":134.445
                        }, 
                        {
                         "x":1261.57,
                         "y":134.354
                        }, 
                        {
                         "x":1261.56,
                         "y":-5.01471
                        }, 
                        {
                         "x":1331.31,
                         "y":-4.90147
                        }, 
                        {
                         "x":1401.4,
                         "y":64.7903
                        }, 
                        {
                         "x":1541.57,
                         "y":64.9568
                        }, 
                        {
                         "x":1681.46,
                         "y":-75.6126
                        }, 
                        {
                         "x":1681.53,
                         "y":134.529
                        }, 
                        {
                         "x":1821.56,
                         "y":134.275
                        }, 
                        {
                         "x":1821.62,
                         "y":-74.7278
                        }, 
                        {
                         "x":1892.09,
                         "y":-4.86364
                        }, 
                        {
                         "x":1961.7,
                         "y":-4.92421
                        }, 
                        {
                         "x":2030.95,
                         "y":64.375
                        }, 
                        {
                         "x":2170.29,
                         "y":64.4261
                        }, 
                        {
                         "x":2240.63,
                         "y":-4.52273
                        }, 
                        {
                         "x":2311.25,
                         "y":-5.0833
                        }, 
                        {
                         "x":2311.36,
                         "y":135
                        }, 
                        {
                         "x":2520.84,
                         "y":133.396
                        }, 
                        {
                         "x":2521.42,
                         "y":-5.04542
                        }, 
                        {
                         "x":2731.55848484849,
                         "y":-4.83710393939396
                        }, 
                        {
                         "x":2801.395256917,
                         "y":65.1749011857708
                        }, 
                        {
                         "x":2941.66252857957,
                         "y":64.5652335547647
                        }, 
                        {
                         "x":3011.1508147349,
                         "y":-4.80892682986456
                        }, 
                        {
                         "x":3081.5295609586,
                         "y":-4.66232006289113
                        }, 
                        {
                         "x":3081.63487949296,
                         "y":134.319299268157
                        }, 
                        {
                         "x":3291.55175105762,
                         "y":134.362471629508
                        }, 
                        {
                         "x":3291.69968322834,
                         "y":-5.00912873641306
                        }, 
                        {
                         "x":3362.5020545286,
                         "y":-4.41736973698437
                        }, 
                        {
                         "x":3431.40859249552,
                         "y":64.8827225957778
                        }, 
                        {
                         "x":3571.88833509604,
                         "y":64.5245739279685
                        }, 
                        {
                         "x":3641.27214215647,
                         "y":-5.03609738456714
                        }, 
                        {
                         "x":3781.39269164114,
                         "y":-4.77290506073922
                        }, 
                        {
                         "x":3851.25,
                         "y":-75.0625
                        }, 
                        {
                         "x":3851.6462915795,
                         "y":134.560036761016
                        }, 
                        {
                         "x":4131.36258139629,
                         "y":134.262166260731
                        }, 
                        {
                         "x":4131.67016102988,
                         "y":-74.9585747398407
                        }, 
                        {
                         "x":4201.96779748165,
                         "y":-74.8810202858666
                        }, 
                        {
                         "x":4341.31689979845,
                         "y":65.0867342138478
                        }, 
                        {
                         "x":4411.34782029706,
                         "y":64.4749432590168
                        }, 
                        {
                         "x":4481.89063883142,
                         "y":-5.28302074326831
                        }, 
                        {
                         "x":4551.875,
                         "y":-5.0625
                        }, 
                        {
                         "x":4621.77600564065,
                         "y":-75.604696763834
                        }, 
                        {
                         "x":4621.59367794796,
                         "y":134.28492465415
                        }, 
                        {
                         "x":4761.42945075758,
                         "y":133.598011363636
                        }, 
                        {
                         "x":4761.76799242424,
                         "y":-74.9024621212121
                        }, 
                        {
                         "x":4901.23295454545,
                         "y":64.8238636363636
                        }, 
                        {
                         "x":5041.5,
                         "y":65
                        }, 
                        {
                         "x":5041.02272727273,
                         "y":135.143939393939
                        }, 
                        {
                         "x":0,
                         "y":136
                        }, 
                        {
                         "x":-4,
                         "y":-12
                        }],
                 "rotation":0,
                 "type":"",
                 "visible":true,
                 "width":0,
                 "x":-1,
                 "y":284.5
                }, 
                {
                 "height":0,
                 "id":18,
                 "name":"",
                 "polyline":[
                        {
                         "x":-1.04484000000002,
                         "y":10.3606903606913
                        }, 
                        {
                         "x":11.447,
                         "y":0.709743207194816
                        }, 
                        {
                         "x":267.917,
                         "y":1.85410761404745
                        }, 
                        {
                         "x":278.75,
                         "y":10.6623932071948
                        }],
                 "rotation":0,
                 "type":"",
                 "visible":true,
                 "width":0,
                 "x":281.444,
                 "y":196.703106792805
                }, 
                {
                 "height":0,
                 "id":19,
                 "name":"",
                 "polyline":[
                        {
                         "x":-1.85417,
                         "y":8.49707225817847
                        }, 
                        {
                         "x":11.4242,
                         "y":-0.569816755477906
                        }, 
                        {
                         "x":196,
                         "y":-0.853386789160402
                        }, 
                        {
                         "x":208.25,
                         "y":8.56328321083961
                        }],
                 "rotation":0,
                 "type":"",
                 "visible":true,
                 "width":0,
                 "x":2311.86,
                 "y":269.81871678916
                }, 
                {
                 "height":0,
                 "id":20,
                 "name":"",
                 "polyline":[
                        {
                         "x":0.0909091,
                         "y":8.69407222949596
                        }, 
                        {
                         "x":11.5057,
                         "y":-0.512767141242239
                        }, 
                        {
                         "x":198.739,
                         "y":-0.0459194856923793
                        }, 
                        {
                         "x":209.616,
                         "y":8.79522952542444
                        }],
                 "rotation":0,
                 "type":"",
                 "visible":true,
                 "width":0,
                 "x":1050.74,
                 "y":270.641370474576
                }, 
                {
                 "height":0,
                 "id":22,
                 "name":"",
                 "polyline":[
                        {
                         "x":-15.8125,
                         "y":4.97327666806138
                        }, 
                        {
                         "x":10.368,
                         "y":-0.284692156603189
                        }, 
                        {
                         "x":270.882,
                         "y":0.0160842923389949
                        }, 
                        {
                         "x":295.243,
                         "y":5.97048284339682
                        }],
                 "rotation":0,
                 "type":"",
                 "visible":true,
                 "width":0,
                 "x":281.534,
                 "y":115.498817156603
                }, 
                {
                 "height":0,
                 "id":27,
                 "name":"",
                 "polyline":[
                        {
                         "x":0.4375,
                         "y":7.52096567074551
                        }, 
                        {
                         "x":12.1406,
                         "y":0.154276218887087
                        }, 
                        {
                         "x":129.503,
                         "y":-0.0596067770340906
                        }, 
                        {
                         "x":140.5,
                         "y":7.6752418896326
                        }],
                 "rotation":0,
                 "type":"",
                 "visible":true,
                 "width":0,
                 "x":1679.52,
                 "y":199.138758110367
                }, 
                {
                 "height":0,
                 "id":28,
                 "name":"",
                 "polyline":[
                        {
                         "x":-11.413,
                         "y":3.82922336129552
                        }, 
                        {
                         "x":7.4833,
                         "y":-0.219201530420282
                        }, 
                        {
                         "x":194.878,
                         "y":-0.29024125406613
                        }, 
                        {
                         "x":213.097,
                         "y":4.59703207926719
                        }],
                 "rotation":0,
                 "type":"",
                 "visible":true,
                 "width":0,
                 "x":1054.19,
                 "y":185.976267920733
                }, 
                {
                 "height":0,
                 "id":29,
                 "name":"",
                 "polyline":[
                        {
                         "x":-11.413,
                         "y":9.37907982028427
                        }, 
                        {
                         "x":7.4833,
                         "y":-0.536899641666433
                        }, 
                        {
                         "x":194.878,
                         "y":-0.710900261536233
                        }, 
                        {
                         "x":213.097,
                         "y":11.2597064051305
                        }],
                 "rotation":0,
                 "type":"",
                 "visible":true,
                 "width":0,
                 "x":2312.86,
                 "y":187.47959359487
                }, 
                {
                 "height":0,
                 "id":30,
                 "name":"",
                 "polyline":[
                        {
                         "x":-17.9117,
                         "y":10.7899444768386
                        }, 
                        {
                         "x":4.18897,
                         "y":-0.722532374326432
                        }, 
                        {
                         "x":122.153,
                         "y":-0.829288344878074
                        }, 
                        {
                         "x":140.644,
                         "y":10.8343389278492
                        }],
                 "rotation":0,
                 "type":"",
                 "visible":true,
                 "width":0,
                 "x":1687.63,
                 "y":117.094688344878
                }, 
                {
                 "height":0,
                 "id":31,
                 "name":"",
                 "polyline":[
                        {
                         "x":-1.85417,
                         "y":8.49707
                        }, 
                        {
                         "x":11.4242,
                         "y":-0.569817
                        }, 
                        {
                         "x":196,
                         "y":-0.853387
                        }, 
                        {
                         "x":207,
                         "y":6.56328000000002
                        }],
                 "rotation":0,
                 "type":"",
                 "visible":true,
                 "width":0,
                 "x":3083,
                 "y":270.339
                }, 
                {
                 "height":0,
                 "id":32,
                 "name":"",
                 "polyline":[
                        {
                         "x":-11.413,
                         "y":9.37908
                        }, 
                        {
                         "x":7.4833,
                         "y":-0.5369
                        }, 
                        {
                         "x":194.878,
                         "y":-0.7109
                        }, 
                        {
                         "x":213.097,
                         "y":11.2597
                        }],
                 "rotation":0,
                 "type":"",
                 "visible":true,
                 "width":0,
                 "x":3084,
                 "y":188
                }, 
                {
                 "height":0,
                 "id":33,
                 "name":"",
                 "polyline":[
                        {
                         "x":-0.669840000000022,
                         "y":10.7982
                        }, 
                        {
                         "x":9.71972727272714,
                         "y":1.89156118181819
                        }, 
                        {
                         "x":267.417,
                         "y":1.41092818181818
                        }, 
                        {
                         "x":279.113636363636,
                         "y":10.1737636363636
                        }],
                 "rotation":0,
                 "type":"",
                 "visible":true,
                 "width":0,
                 "x":3851.57666666667,
                 "y":197.204
                }, 
                {
                 "height":0,
                 "id":34,
                 "name":"",
                 "polyline":[
                        {
                         "x":-15.8125,
                         "y":4.97328
                        }, 
                        {
                         "x":10.368,
                         "y":-0.284692
                        }, 
                        {
                         "x":270.882,
                         "y":0.0160843
                        }, 
                        {
                         "x":295.243,
                         "y":5.97048
                        }],
                 "rotation":0,
                 "type":"",
                 "visible":true,
                 "width":0,
                 "x":3851.66666666667,
                 "y":116
                }, 
                {
                 "height":0,
                 "id":35,
                 "name":"",
                 "polyline":[
                        {
                         "x":0.4375,
                         "y":7.52097
                        }, 
                        {
                         "x":12.1406,
                         "y":0.154276
                        }, 
                        {
                         "x":129.503,
                         "y":-0.0596068
                        }, 
                        {
                         "x":140.5,
                         "y":7.67524
                        }],
                 "rotation":0,
                 "type":"",
                 "visible":true,
                 "width":0,
                 "x":4619.52636363636,
                 "y":199.528848484848
                }, 
                {
                 "height":0,
                 "id":36,
                 "name":"",
                 "polyline":[
                        {
                         "x":-17.9117,
                         "y":10.7899
                        }, 
                        {
                         "x":4.18897,
                         "y":-0.722532
                        }, 
                        {
                         "x":122.153,
                         "y":-0.829288
                        }, 
                        {
                         "x":140.644,
                         "y":10.8343
                        }],
                 "rotation":0,
                 "type":"",
                 "visible":true,
                 "width":0,
                 "x":4627.63636363636,
                 "y":117.484848484848
                }],
         "offsetx":-140,
         "offsety":-48,
         "opacity":1,
         "type":"objectgroup",
         "visible":true,
         "x":0,
         "y":0
        }],
 "nextobjectid":37,
 "orientation":"orthogonal",
 "properties":
    {
     "wheelX":[{"start":8,"end":26},{"start":72,"end":90}],
     "wheelY":"20",
     "xList":""
    },
 "propertytypes":
    {
     "wheelX":"string",
     "wheelY":"string",
     "xList":"string"
    },
 "renderorder":"right-down",
 "tileheight":70,
 "tilesets":[
        {
         "columns":3,
         "firstgid":1,
         "image":"tube.png",
         "imageheight":140,
         "imagewidth":210,
         "margin":0,
         "name":"tubeTiles",
         "spacing":0,
         "tilecount":6,
         "tileheight":70,
         "tilewidth":70
        }, 
        {
         "columns":14,
         "firstgid":7,
         "image":"platform.png",
         "imageheight":490,
         "imagewidth":980,
         "margin":0,
         "name":"platformTiles",
         "spacing":0,
         "tilecount":98,
         "tileheight":70,
         "tilewidth":70
        }],
 "tilewidth":70,
 "type":"map",
 "version":"2017.05.26",
 "width":72
}