{ 
    
    "car": [
        {
            "shape": [ 3,24, 47,34, 2,34, 0,32, 0,26, 1,24 ]
        },
        {
            "shape": [ 24,0, 39,0, 40,4, 22,4, 22,1 ]
        },
        {
            "shape": [ 40,4, 57,9, 77,34, 47,34, 6,12, 13,4 ]
        },
        {
            "shape": [ 13,38, 10,34, 27,34, 24,38 ]
        },
        {
            "shape": [ 50,38, 47,34, 64,34, 61,38 ]
        },
        {
            "shape": [ 79,32, 77,34, 65,13, 71,15, 79,25 ]
        },
        {
            "shape": [ 65,13, 77,34, 57,9, 60,9 ]
        },
        {
            "shape": [ 57,9, 40,4, 52,5 ]
        },
        {
            "shape": [ 6,12, 47,34, 3,24, 3,19 ]
        }
    ]
}
