{ "height":6,
 "layers":[
        {
         "data":[0, 0, 0, 0, 0, 0, 0, 0, 0, 0, 0, 0, 0, 0, 0, 0, 0, 0, 0, 0, 0, 0, 0, 0, 0, 0, 0, 0, 0, 0, 0, 0, 0, 0, 0, 0, 0, 0, 0, 0, 0, 0, 0, 0, 0, 0, 0, 0, 0, 0, 0, 0, 0, 0, 0, 0, 0, 0, 0, 0, 0, 0, 0, 0, 0, 0, 0, 0, 0, 0, 0, 0, 0, 0, 0, 0, 0, 0, 0, 0, 0, 0, 0, 0, 0, 0, 0, 0, 0, 0, 0, 0, 0, 0, 0, 0, 0, 0, 0, 0, 0, 0, 0, 0, 0, 0, 0, 0, 0, 0, 0, 0, 0, 0, 0, 0, 0, 0, 0, 0, 0, 0, 0, 0, 0, 0, 0, 0, 0, 0, 0, 0, 0, 0, 0, 0, 0, 0, 0, 0, 0, 0, 0, 0, 0, 0, 0, 0, 0, 0, 0, 0, 0, 0, 113, 114, 114, 115, 0, 0, 0, 0, 0, 113, 114, 114, 115, 0, 0, 0, 0, 0, 0, 0, 0, 0, 0, 113, 114, 114, 115, 0, 0, 0, 0, 0, 0, 0, 0, 0, 0, 114, 114, 114, 114, 0, 0, 0, 0, 0, 0, 114, 115, 0, 0, 0, 0, 0, 0, 0, 0, 0, 0, 0, 0, 0, 0, 0, 0, 0, 0, 0, 0, 0, 0, 7, 0, 0, 0, 0, 0, 0, 0, 0, 7, 0, 0, 0, 0, 6, 0, 0, 0, 0, 0, 0, 0, 0, 7, 0, 0, 0, 0, 6, 0, 0, 0, 0, 0, 0, 0, 0, 7, 0, 0, 0, 0, 6, 0, 0, 0, 0, 7, 0, 0, 6, 0, 0, 0, 0, 113, 114, 115, 0, 0, 0, 0, 0, 6, 87, 89, 7, 3, 6, 0, 0, 7, 21, 0, 0, 0, 0, 6, 0, 0, 7, 21, 0, 0, 0, 0, 20, 3, 3, 3, 6, 0, 0, 7, 3, 21, 0, 0, 0, 0, 20, 3, 3, 3, 6, 0, 0, 7, 3, 21, 0, 0, 0, 0, 20, 6, 0, 0, 7, 21, 0, 0, 20, 6, 0, 0, 7, 0, 0, 0, 6, 0, 0, 7, 3, 20, 3, 3, 21, 5, 20, 3, 3, 21, 5, 0, 0, 0, 0, 20, 3, 3, 21, 5, 6, 0, 0, 0, 5, 5, 5, 5, 20, 3, 3, 21, 5, 5, 0, 87, 89, 0, 5, 5, 5, 5, 20, 3, 3, 21, 5, 5, 0, 87, 89, 0, 5, 20, 3, 3, 21, 5, 0, 0, 5, 20, 3, 3, 21, 0, 0, 0, 20, 3, 3, 21, 5],
         "height":6,
         "name":"platform",
         "offsetx":-139.393939393939,
         "offsety":-48.4848484848485,
         "opacity":1,
         "type":"tilelayer",
         "visible":true,
         "width":72,
         "x":0,
         "y":0
        }, 
        {
         "draworder":"topdown",
         "name":"platformCollide",
         "objects":[
                {
                 "height":0,
                 "id":3,
                 "name":"",
                 "polyline":[
                        {
                         "x":-1.33333333333334,
                         "y":-6
                        }, 
                        {
                         "x":70,
                         "y":65.5
                        }, 
                        {
                         "x":211.5,
                         "y":65.5
                        }, 
                        {
                         "x":281,
                         "y":-5
                        }, 
                        {
                         "x":349.757575757576,
                         "y":-4.5151515151515
                        }, 
                        {
                         "x":420.166666666667,
                         "y":65.0833333333333
                        }, 
                        {
                         "x":559.8125,
                         "y":65.5625
                        }, 
                        {
                         "x":700.416666666667,
                         "y":-74.25
                        }, 
                        {
                         "x":700.393939393939,
                         "y":134.977272727273
                        }, 
                        {
                         "x":980.119318181818,
                         "y":135.357954545455
                        }, 
                        {
                         "x":980.098278985507,
                         "y":-4.01200181159402
                        }, 
                        {
                         "x":1051.55932971014,
                         "y":66.0563858695652
                        }, 
                        {
                         "x":1190.70833333333,
                         "y":64.7291666666667
                        }, 
                        {
                         "x":1259.69318181818,
                         "y":-4.02083333333331
                        }, 
                        {
                         "x":1330.59375,
                         "y":-74.6041666666666
                        }, 
                        {
                         "x":1330.58333333333,
                         "y":65.6401515151516
                        }, 
                        {
                         "x":1399.91974431818,
                         "y":134.957386363636
                        }, 
                        {
                         "x":1610.52604166667,
                         "y":135.435606060606
                        }, 
                        {
                         "x":1610.57971014492,
                         "y":-74.1581027667984
                        }, 
                        {
                         "x":1680.50724637681,
                         "y":-3.63768115942037
                        }, 
                        {
                         "x":1889.75,
                         "y":-3.75
                        }, 
                        {
                         "x":1960,
                         "y":66.5
                        }, 
                        {
                         "x":2100.25,
                         "y":66.1666666666667
                        }, 
                        {
                         "x":2170.83333333333,
                         "y":-4.25
                        }, 
                        {
                         "x":2240.63257575757,
                         "y":-4.52272727272725
                        }, 
                        {
                         "x":2310.25,
                         "y":-73.5833333333333
                        }, 
                        {
                         "x":2310.49242424242,
                         "y":135.25
                        }, 
                        {
                         "x":2590.16666666667,
                         "y":135.395833333333
                        }, 
                        {
                         "x":2590.65909090909,
                         "y":-74.8333333333333
                        }, 
                        {
                         "x":2660,
                         "y":-4.75
                        }, 
                        {
                         "x":2869.54166666667,
                         "y":-4.75
                        }, 
                        {
                         "x":2940.39583333333,
                         "y":65.25
                        }, 
                        {
                         "x":3080.64867424242,
                         "y":65.560606060606
                        }, 
                        {
                         "x":3151.11857096354,
                         "y":-4.05143229166663
                        }, 
                        {
                         "x":3220.72483132102,
                         "y":-4.99680397727275
                        }, 
                        {
                         "x":3290.00553385417,
                         "y":-74.5390625
                        }, 
                        {
                         "x":3290.57971464818,
                         "y":135.004976737484
                        }, 
                        {
                         "x":3570.271484375,
                         "y":134.046875
                        }, 
                        {
                         "x":3570.40944602273,
                         "y":-74.3229166666667
                        }, 
                        {
                         "x":3710.26396780303,
                         "y":65.4668560606061
                        }, 
                        {
                         "x":3851.1865382339,
                         "y":65.3048650568182
                        }, 
                        {
                         "x":3990.20001775568,
                         "y":-74.0389441287879
                        }, 
                        {
                         "x":3990.65595407197,
                         "y":135.004971590909
                        }, 
                        {
                         "x":4130.58016690341,
                         "y":134.754616477273
                        }, 
                        {
                         "x":4130.55766256313,
                         "y":-74.2472537878788
                        }, 
                        {
                         "x":4270.37722621511,
                         "y":65.3801993268279
                        }, 
                        {
                         "x":4410.82063703441,
                         "y":65.268027935606
                        }, 
                        {
                         "x":4480.23986150568,
                         "y":-4.21669034090911
                        }, 
                        {
                         "x":4480.61075895676,
                         "y":134.825169665404
                        }, 
                        {
                         "x":4690.56893470841,
                         "y":134.790101207386
                        }, 
                        {
                         "x":4690.64213571259,
                         "y":-4.31876775568185
                        }, 
                        {
                         "x":4760.16751474708,
                         "y":65.2475526751894
                        }, 
                        {
                         "x":4901.10956044823,
                         "y":65.2835700757576
                        }, 
                        {
                         "x":4970.13389855587,
                         "y":-5.63675426136365
                        }, 
                        {
                         "x":5040.49156999684,
                         "y":-4.55707859848485
                        }, 
                        {
                         "x":5040.66145833333,
                         "y":134.875
                        }, 
                        {
                         "x":2659.75,
                         "y":135.75
                        }, 
                        {
                         "x":0,
                         "y":136
                        }, 
                        {
                         "x":-4,
                         "y":-12
                        }],
                 "rotation":0,
                 "type":"",
                 "visible":true,
                 "width":0,
                 "x":0,
                 "y":284
                }, 
                {
                 "height":0,
                 "id":4,
                 "name":"",
                 "polyline":[
                        {
                         "x":0,
                         "y":0
                        }, 
                        {
                         "x":47.5,
                         "y":-8
                        }, 
                        {
                         "x":193.5,
                         "y":-8
                        }, 
                        {
                         "x":205.5,
                         "y":-8
                        }, 
                        {
                         "x":245,
                         "y":0
                        }],
                 "rotation":0,
                 "type":"",
                 "visible":true,
                 "width":0,
                 "x":722.114545454546,
                 "y":206.817848484848
                }, 
                {
                 "height":0,
                 "id":5,
                 "name":"",
                 "polyline":[
                        {
                         "x":0,
                         "y":0
                        }, 
                        {
                         "x":57.3333,
                         "y":-10.3333
                        }, 
                        {
                         "x":126.667,
                         "y":-10
                        }, 
                        {
                         "x":212,
                         "y":-9.66667
                        }, 
                        {
                         "x":224,
                         "y":-8.66667
                        }, 
                        {
                         "x":263.667,
                         "y":-2
                        }],
                 "rotation":0,
                 "type":"",
                 "visible":true,
                 "width":0,
                 "x":713.954545454546,
                 "y":158.484848484848
                }, 
                {
                 "height":0,
                 "id":6,
                 "name":"",
                 "polyline":[
                        {
                         "x":0,
                         "y":0
                        }, 
                        {
                         "x":47.5,
                         "y":-8
                        }, 
                        {
                         "x":193.5,
                         "y":-8
                        }, 
                        {
                         "x":205.5,
                         "y":-8
                        }, 
                        {
                         "x":245,
                         "y":0
                        }],
                 "rotation":0,
                 "type":"",
                 "visible":true,
                 "width":0,
                 "x":1349.24333333333,
                 "y":207.499666666667
                }, 
                {
                 "height":0,
                 "id":7,
                 "name":"",
                 "polyline":[
                        {
                         "x":0,
                         "y":0
                        }, 
                        {
                         "x":57.3333,
                         "y":-10.3333
                        }, 
                        {
                         "x":126.667,
                         "y":-10
                        }, 
                        {
                         "x":212,
                         "y":-9.66667
                        }, 
                        {
                         "x":224,
                         "y":-8.66667
                        }, 
                        {
                         "x":263.667,
                         "y":-2
                        }],
                 "rotation":0,
                 "type":"",
                 "visible":true,
                 "width":0,
                 "x":1341.08333333333,
                 "y":159.166666666667
                }, 
                {
                 "height":0,
                 "id":8,
                 "name":"",
                 "polyline":[
                        {
                         "x":0,
                         "y":0
                        }, 
                        {
                         "x":47.5,
                         "y":-8
                        }, 
                        {
                         "x":193.5,
                         "y":-8
                        }, 
                        {
                         "x":205.5,
                         "y":-8
                        }, 
                        {
                         "x":245,
                         "y":0
                        }],
                 "rotation":0,
                 "type":"",
                 "visible":true,
                 "width":0,
                 "x":2331.35696969697,
                 "y":206.939060606061
                }, 
                {
                 "height":0,
                 "id":9,
                 "name":"",
                 "polyline":[
                        {
                         "x":0,
                         "y":0
                        }, 
                        {
                         "x":57.3333,
                         "y":-10.3333
                        }, 
                        {
                         "x":126.667,
                         "y":-10
                        }, 
                        {
                         "x":212,
                         "y":-9.66667
                        }, 
                        {
                         "x":224,
                         "y":-8.66667
                        }, 
                        {
                         "x":263.667,
                         "y":-2
                        }],
                 "rotation":0,
                 "type":"",
                 "visible":true,
                 "width":0,
                 "x":2323.19696969697,
                 "y":158.606060606061
                }, 
                {
                 "height":0,
                 "id":13,
                 "name":"",
                 "polyline":[
                        {
                         "x":0,
                         "y":0
                        }, 
                        {
                         "x":8,
                         "y":-7.25
                        }, 
                        {
                         "x":279.25,
                         "y":-7
                        }, 
                        {
                         "x":285.5,
                         "y":-0.25
                        }],
                 "rotation":0,
                 "type":"",
                 "visible":true,
                 "width":0,
                 "x":3290.5,
                 "y":206.25
                }, 
                {
                 "height":0,
                 "id":14,
                 "name":"",
                 "polyline":[
                        {
                         "x":0,
                         "y":0
                        }, 
                        {
                         "x":12.5,
                         "y":-4
                        }, 
                        {
                         "x":281,
                         "y":-4
                        }, 
                        {
                         "x":291.5,
                         "y":3
                        }],
                 "rotation":0,
                 "type":"",
                 "visible":true,
                 "width":0,
                 "x":3288,
                 "y":152
                }, 
                {
                 "height":0,
                 "id":15,
                 "name":"",
                 "polyline":[
                        {
                         "x":4.5454545454545,
                         "y":3.63636363636363
                        }, 
                        {
                         "x":10.318181818182,
                         "y":-5.68181818181819
                        }, 
                        {
                         "x":96,
                         "y":-5
                        }, 
                        {
                         "x":144,
                         "y":4
                        }],
                 "rotation":0,
                 "type":"",
                 "visible":true,
                 "width":0,
                 "x":3983,
                 "y":204
                }, 
                {
                 "height":0,
                 "id":16,
                 "name":"",
                 "polyline":[
                        {
                         "x":0,
                         "y":0
                        }, 
                        {
                         "x":20,
                         "y":-5
                        }, 
                        {
                         "x":104.75,
                         "y":-3.75
                        }, 
                        {
                         "x":149.75,
                         "y":4.5
                        }],
                 "rotation":0,
                 "type":"",
                 "visible":true,
                 "width":0,
                 "x":3981.5,
                 "y":153
                }, 
                {
                 "height":0,
                 "id":17,
                 "name":"",
                 "polyline":[
                        {
                         "x":0,
                         "y":0
                        }, 
                        {
                         "x":63.5,
                         "y":-10.5
                        }, 
                        {
                         "x":156,
                         "y":-10.5
                        }, 
                        {
                         "x":206,
                         "y":-1
                        }],
                 "rotation":0,
                 "type":"",
                 "visible":true,
                 "width":0,
                 "x":4487,
                 "y":229
                }, 
                {
                 "height":0,
                 "id":18,
                 "name":"",
                 "polyline":[
                        {
                         "x":0,
                         "y":0
                        }, 
                        {
                         "x":13.5,
                         "y":-2.5
                        }, 
                        {
                         "x":61,
                         "y":-10.5
                        }, 
                        {
                         "x":71.5,
                         "y":-11.5
                        }, 
                        {
                         "x":140.5,
                         "y":-12.5
                        }, 
                        {
                         "x":196,
                         "y":-2.5
                        }, 
                        {
                         "x":199.5,
                         "y":-2
                        }],
                 "rotation":0,
                 "type":"",
                 "visible":true,
                 "width":0,
                 "x":4488,
                 "y":280
                }],
         "offsetx":-140,
         "offsety":-48,
         "opacity":1,
         "type":"objectgroup",
         "visible":true,
         "x":0,
         "y":0
        }],
 "nextobjectid":19,
 "orientation":"orthogonal",
 "properties":
    {
         "wheelX":[{"start":10,"end":27},{"start":47,"end":64}],
         "wheelY":"20",
     "xList":null
    },
 "propertytypes":
    {
     "wheelX":"",
     "wheelY":"string",
     "xList":""
    },
 "renderorder":"right-down",
 "tileheight":70,
 "tilesets":[
        {
         "columns":14,
         "firstgid":1,
         "image":"platform.png",
         "imageheight":560,
         "imagewidth":980,
         "margin":0,
         "name":"platformTiles",
         "spacing":0,
         "tilecount":112,
         "tileheight":70,
         "tilewidth":70
        }, 
        {
         "columns":3,
         "firstgid":113,
         "image":"tube.png",
         "imageheight":70,
         "imagewidth":210,
         "margin":0,
         "name":"tubeTiles",
         "spacing":0,
         "tilecount":3,
         "tileheight":70,
         "tilewidth":70
        }],
 "tilewidth":70,
 "type":"map",
 "version":"2017.05.26",
 "width":72
}