{
  "categories": [{
    "name": "Aksesoris Gitar",
    "url": "/c/hobi/alat-musik/aksesoris-gitar",
    "count": "6012",
    "sub": null
  }, {
    "name": "Gitar",
    "url": "/c/hobi/alat-musik/gitar",
    "count": "5645",
    "sub": null
  }, {
    "name": "Mic",
    "url": "/c/hobi/alat-musik/mic",
    "count": "3691",
    "sub": null
  }, {
    "name": "Alat Musik Lain-lain",
    "url": "/c/hobi/alat-musik/alat-musik-lain-lain",
    "count": "3445",
    "sub": null
  }, {
    "name": "Aksesoris Lain",
    "url": "/c/hobi/alat-musik/aksesoris-lain",
    "count": "3074",
    "sub": null
  }, {
    "name": "Efek",
    "url": "/c/hobi/alat-musik/efek",
    "count": "2514",
    "sub": null
  }, {
    "name": "Peralatan Studio Rekaman",
    "url": "/c/hobi/alat-musik/peralatan-studio-rekaman",
    "count": "1753",
    "sub": null
  }, {
    "name": "Keyboard &amp; Aksesoris",
    "url": "/c/hobi/alat-musik/keyboard-aksesoris",
    "count": "1518",
    "sub": null
  }, {
    "name": "Amply",
    "url": "/c/hobi/alat-musik/amply",
    "count": "1311",
    "sub": null
  }, {
    "name": "Drum",
    "url": "/c/hobi/alat-musik/drum",
    "count": "1249",
    "sub": null
  }, {
    "name": "Bass &amp; Aksesoris",
    "url": "/c/hobi/alat-musik/bass-aksesoris",
    "count": "1187",
    "sub": null
  }, {
    "name": "Speaker",
    "url": "/c/hobi/alat-musik/speaker-131",
    "count": "874",
    "sub": null
  }, {
    "name": "Bag &amp; Case",
    "url": "/c/hobi/alat-musik/bag-case",
    "count": "600",
    "sub": null
  }, {
    "name": "Cymbal",
    "url": "/c/hobi/alat-musik/cymbal",
    "count": "471",
    "sub": null
  }, {
    "name": "Piano &amp; Aksesoris",
    "url": "/c/hobi/alat-musik/piano-aksesoris",
    "count": "449",
    "sub": null
  }, {
    "name": "Biola &amp; Aksesoris",
    "url": "/c/hobi/alat-musik/biola-aksesoris",
    "count": "398",
    "sub": null
  }]
}