{
  "categories": [{
    "name": "Lain-lain",
    "url": "/c/hobi/koleksi/lain-lain-337",
    "count": "26263",
    "sub": null
  }, {
    "name": "Pernak-pernik",
    "url": "/c/hobi/koleksi/pernak-pernik",
    "count": "22196",
    "sub": null
  }, {
    "name": "Pajangan",
    "url": "/c/hobi/koleksi/pajangan",
    "count": "22122",
    "sub": null
  }, {
    "name": "CD &amp; DVD Original",
    "url": "/c/hobi/koleksi/cd-dvd-original",
    "count": "18501",
    "sub": null
  }, {
    "name": "Vapor &amp; Rokok Elektrik",
    "url": "/c/hobi/koleksi/vapor-rokok-elektrik",
    "count": "16199",
    "sub": null
  }, {
    "name": "Korek",
    "url": "/c/hobi/koleksi/korek",
    "count": "9669",
    "sub": null
  }, {
    "name": "Uang Kuno",
    "url": "/c/hobi/koleksi/uang-kuno",
    "count": "9056",
    "sub": null
  }, {
    "name": "Filateli",
    "url": "/c/hobi/koleksi/filateli",
    "count": "7522",
    "sub": null
  }, {
    "name": "Benda Tajam",
    "url": "/c/hobi/koleksi/benda-tajam",
    "count": "3912",
    "sub": null
  }, {
    "name": "Cards",
    "url": "/c/hobi/koleksi/cards",
    "count": "3593",
    "sub": null
  }, {
    "name": "Keris",
    "url": "/c/hobi/koleksi/keris",
    "count": "2350",
    "sub": null
  }, {
    "name": "Kaset",
    "url": "/c/hobi/koleksi/kaset",
    "count": "2302",
    "sub": null
  }, {
    "name": "Piringan Hitam",
    "url": "/c/hobi/koleksi/piringan-hitam",
    "count": "958",
    "sub": null
  }]
}