{
  "categories": [{
    "name": "Lain-lain",
    "url": "/c/elektronik/lain-lain-208",
    "count": 93465,
    "sub": null
  }, {
    "name": "Speaker",
    "url": "/c/elektronik/speaker",
    "count": 12391,
    "sub": null
  }, {
    "name": "Komponen Elektronik",
    "url": "/c/elektronik/komponen-elektronik",
    "count": 11786,
    "sub": null
  }, {
    "name": "Headphone",
    "url": "/c/elektronik/headphone",
    "count": 8598,
    "sub": null
  }, {
    "name": "Baterai",
    "url": "/c/elektronik/baterai-681",
    "count": 6683,
    "sub": null
  }, {
    "name": "Portable Audio Player",
    "url": "/c/elektronik/portable-audio-player",
    "count": 6440,
    "sub": null
  }, {
    "name": "Radio Komunikasi",
    "url": "/c/elektronik/radio-komunikasi",
    "count": 5665,
    "sub": null
  }, {
    "name": "Aksesoris TV &amp; Video",
    "url": "/c/elektronik/aksesoris-tv-video",
    "count": 5497,
    "sub": null
  }, {
    "name": "GPS",
    "url": "/c/elektronik/gps",
    "count": 2804,
    "sub": null
  }, {
    "name": "CD, VCD, DVD, Blu-Ray Player",
    "url": "/c/elektronik/cd-vcd-dvd-blu-ray-player",
    "count": 2698,
    "sub": null
  }, {
    "name": "Proyektor",
    "url": "/c/elektronik/proyektor",
    "count": 2582,
    "sub": null
  }, {
    "name": "Televisi",
    "url": "/c/elektronik/televisi",
    "count": 2556,
    "sub": null
  }, {
    "name": "Media Player &amp; Set Top Box",
    "url": "/c/elektronik/media-player-set-top-box",
    "count": 2464,
    "sub": null
  }, {
    "name": "Home Theater",
    "url": "/c/elektronik/home-theater",
    "count": 1095,
    "sub": null
  }, {
    "name": "Radio &amp; Tape",
    "url": "/c/elektronik/radio-tape",
    "count": 767,
    "sub": null
  }]
}