{
  "categories": [{
    "name": "Buku &amp; Organizer",
    "url": "/c/rumah-tangga/alat-tulis/buku-organizer",
    "count": "4133",
    "sub": null
  }, {
    "name": "Pulpen",
    "url": "/c/rumah-tangga/alat-tulis/pulpen",
    "count": "2357",
    "sub": null
  }, {
    "name": "Pensil",
    "url": "/c/rumah-tangga/alat-tulis/pensil",
    "count": "2196",
    "sub": null
  }, {
    "name": "Tempat Pensil",
    "url": "/c/rumah-tangga/alat-tulis/tempat-pensil",
    "count": "1408",
    "sub": null
  }, {
    "name": "Krayon",
    "url": "/c/rumah-tangga/alat-tulis/krayon",
    "count": "793",
    "sub": null
  }, {
    "name": "Penghapus",
    "url": "/c/rumah-tangga/alat-tulis/penghapus",
    "count": "660",
    "sub": null
  }, {
    "name": "Spidol",
    "url": "/c/rumah-tangga/alat-tulis/spidol",
    "count": "402",
    "sub": null
  }, {
    "name": "Rautan",
    "url": "/c/rumah-tangga/alat-tulis/rautan",
    "count": "260",
    "sub": null
  }, {
    "name": "Stapler",
    "url": "/c/rumah-tangga/alat-tulis/stapler",
    "count": "187",
    "sub": null
  }, {
    "name": "Tinta",
    "url": "/c/rumah-tangga/alat-tulis/tinta",
    "count": "183",
    "sub": null
  }, {
    "name": "Penggaris",
    "url": "/c/rumah-tangga/alat-tulis/penggaris",
    "count": "176",
    "sub": null
  }, {
    "name": "Stabilo",
    "url": "/c/rumah-tangga/alat-tulis/stabilo",
    "count": "85",
    "sub": null
  }]
}