{
  "categories": [{
    "name": "Lampu &amp; Alat Penerangan",
    "url": "/c/rumah-tangga/elektronik-1111/lampu-alat-penerangan",
    "count": "32152",
    "sub": null
  }, {
    "name": "Lain-lain",
    "url": "/c/rumah-tangga/elektronik-1111/lain-lain-220",
    "count": "16661",
    "sub": null
  }, {
    "name": "Kipas Angin",
    "url": "/c/rumah-tangga/elektronik-1111/kipas-angin",
    "count": "3643",
    "sub": null
  }, {
    "name": "Mesin Jahit",
    "url": "/c/rumah-tangga/elektronik-1111/mesin-jahit",
    "count": "2953",
    "sub": null
  }, {
    "name": "Stop Kontak",
    "url": "/c/rumah-tangga/elektronik-1111/stop-kontak",
    "count": "2853",
    "sub": null
  }, {
    "name": "Peralatan Masak",
    "url": "/c/rumah-tangga/elektronik-1111/peralatan-masak",
    "count": "1720",
    "sub": null
  }, {
    "name": "Blender",
    "url": "/c/rumah-tangga/elektronik-1111/blender",
    "count": "1646",
    "sub": null
  }, {
    "name": "Setrika &amp; Steamer",
    "url": "/c/rumah-tangga/elektronik-1111/setrika-steamer",
    "count": "1643",
    "sub": null
  }, {
    "name": "Rice Cooker",
    "url": "/c/rumah-tangga/elektronik-1111/rice-cooker",
    "count": "1238",
    "sub": null
  }, {
    "name": "Hair Care",
    "url": "/c/rumah-tangga/elektronik-1111/hair-care",
    "count": "1175",
    "sub": null
  }, {
    "name": "Mesin Bor",
    "url": "/c/rumah-tangga/elektronik-1111/mesin-bor",
    "count": "1085",
    "sub": null
  }, {
    "name": "Vacuum Cleaner",
    "url": "/c/rumah-tangga/elektronik-1111/vacuum-cleaner",
    "count": "1072",
    "sub": null
  }, {
    "name": "Kompor",
    "url": "/c/rumah-tangga/elektronik-1111/kompor",
    "count": "1058",
    "sub": null
  }, {
    "name": "AC",
    "url": "/c/rumah-tangga/elektronik-1111/ac",
    "count": "948",
    "sub": null
  }, {
    "name": "Dispenser",
    "url": "/c/rumah-tangga/elektronik-1111/dispenser",
    "count": "731",
    "sub": null
  }, {
    "name": "Telepon",
    "url": "/c/rumah-tangga/elektronik-1111/telepon",
    "count": "711",
    "sub": null
  }, {
    "name": "Mixer",
    "url": "/c/rumah-tangga/elektronik-1111/mixer",
    "count": "682",
    "sub": null
  }, {
    "name": "Kulkas",
    "url": "/c/rumah-tangga/elektronik-1111/kulkas",
    "count": "668",
    "sub": null
  }, {
    "name": "Juicer",
    "url": "/c/rumah-tangga/elektronik-1111/juicer",
    "count": "661",
    "sub": null
  }, {
    "name": "Mesin Cuci",
    "url": "/c/rumah-tangga/elektronik-1111/mesin-cuci",
    "count": "653",
    "sub": null
  }, {
    "name": "Coffee Maker",
    "url": "/c/rumah-tangga/elektronik-1111/coffee-maker",
    "count": "606",
    "sub": null
  }, {
    "name": "Toaster",
    "url": "/c/rumah-tangga/elektronik-1111/toaster",
    "count": "354",
    "sub": null
  }]
}