{
  "categories": [{
    "name": "Dekorasi Rumah",
    "url": "/c/rumah-tangga/furniture-interior/dekorasi-rumah",
    "count": "8013",
    "sub": null
  }, {
    "name": "Wallpaper &amp; Stiker",
    "url": "/c/rumah-tangga/furniture-interior/wallpaper-stiker",
    "count": "5033",
    "sub": null
  }, {
    "name": "Lain - lain",
    "url": "/c/rumah-tangga/furniture-interior/lain-lain-1669",
    "count": "3244",
    "sub": null
  }, {
    "name": "Kursi - Sofa",
    "url": "/c/rumah-tangga/furniture-interior/kursi-sofa",
    "count": "797",
    "sub": null
  }, {
    "name": "Lemari",
    "url": "/c/rumah-tangga/furniture-interior/lemari-1645",
    "count": "749",
    "sub": null
  }, {
    "name": "Meja",
    "url": "/c/rumah-tangga/furniture-interior/meja",
    "count": "600",
    "sub": null
  }, {
    "name": "Karpet",
    "url": "/c/rumah-tangga/furniture-interior/karpet",
    "count": "591",
    "sub": null
  }, {
    "name": "Lukisan",
    "url": "/c/rumah-tangga/furniture-interior/lukisan",
    "count": "323",
    "sub": null
  }]
}