{ "height":6,
 "layers":[
        {
         "data":[0, 0, 0, 0, 0, 0, 0, 0, 0, 0, 0, 0, 0, 0, 0, 0, 0, 0, 0, 0, 0, 0, 0, 0, 0, 0, 0, 0, 0, 0, 0, 0, 0, 0, 0, 0, 0, 0, 0, 0, 0, 0, 0, 0, 0, 0, 0, 0, 0, 0, 0, 0, 0, 0, 0, 0, 0, 0, 0, 0, 0, 0, 0, 0, 0, 0, 0, 0, 0, 0, 0, 0, 0, 0, 0, 0, 0, 0, 0, 0, 0, 0, 0, 0, 0, 0, 1, 2, 2, 3, 0, 0, 0, 0, 0, 1, 2, 2, 3, 0, 0, 0, 0, 0, 0, 0, 0, 0, 0, 1, 2, 2, 3, 0, 0, 0, 0, 0, 0, 0, 0, 0, 0, 39, 0, 0, 0, 0, 0, 0, 0, 0, 39, 0, 0, 0, 0, 38, 0, 0, 0, 0, 0, 0, 0, 0, 39, 0, 0, 0, 0, 38, 38, 0, 0, 39, 35, 38, 0, 0, 39, 53, 0, 0, 0, 0, 38, 0, 0, 39, 53, 0, 0, 0, 0, 52, 35, 35, 35, 38, 0, 0, 39, 35, 53, 0, 0, 0, 0, 52, 52, 35, 35, 53, 48, 52, 35, 35, 53, 48, 0, 0, 0, 0, 52, 35, 35, 53, 48, 38, 0, 0, 0, 48, 48, 48, 48, 52, 35, 35, 53, 48, 48, 0, 0, 0, 0, 48],
         "height":6,
         "name":"platform",
         "offsetx":-139.393939393939,
         "offsety":-48.4848484848485,
         "opacity":1,
         "type":"tilelayer",
         "visible":true,
         "width":38,
         "x":0,
         "y":0
        }, 
        {
         "draworder":"topdown",
         "name":"platformCollide",
         "objects":[
                {
                 "height":0,
                 "id":10,
                 "name":"",
                 "polyline":[
                        {
                         "x":-1.33333,
                         "y":-6
                        }, 
                        {
                         "x":70,
                         "y":65.5
                        }, 
                        {
                         "x":211.5,
                         "y":65.5
                        }, 
                        {
                         "x":281,
                         "y":-5
                        }, 
                        {
                         "x":349.758,
                         "y":-4.51515
                        }, 
                        {
                         "x":420.167,
                         "y":65.0833
                        }, 
                        {
                         "x":559.813,
                         "y":65.5625
                        }, 
                        {
                         "x":700.417,
                         "y":-74.25
                        }, 
                        {
                         "x":700.394,
                         "y":134.977
                        }, 
                        {
                         "x":980.119,
                         "y":135.358
                        }, 
                        {
                         "x":980.098,
                         "y":-4.012
                        }, 
                        {
                         "x":1051.56,
                         "y":66.0564
                        }, 
                        {
                         "x":1190.71,
                         "y":64.7292
                        }, 
                        {
                         "x":1259.69,
                         "y":-4.02083
                        }, 
                        {
                         "x":1330.59,
                         "y":-74.6042
                        }, 
                        {
                         "x":1330.58,
                         "y":65.6402
                        }, 
                        {
                         "x":1399.92,
                         "y":134.957
                        }, 
                        {
                         "x":1610.53,
                         "y":135.436
                        }, 
                        {
                         "x":1610.58,
                         "y":-74.1581
                        }, 
                        {
                         "x":1680.51,
                         "y":-3.63768
                        }, 
                        {
                         "x":1889.75,
                         "y":-3.75
                        }, 
                        {
                         "x":1960,
                         "y":66.5
                        }, 
                        {
                         "x":2100.25,
                         "y":66.1667
                        }, 
                        {
                         "x":2170.83,
                         "y":-4.25
                        }, 
                        {
                         "x":2240.63,
                         "y":-4.52273
                        }, 
                        {
                         "x":2310.25,
                         "y":-73.5833
                        }, 
                        {
                         "x":2310.49,
                         "y":135.25
                        }, 
                        {
                         "x":2590.17,
                         "y":135.396
                        }, 
                        {
                         "x":2590.66,
                         "y":-74.8333
                        }, 
                        {
                         "x":2660,
                         "y":-4.75
                        }, 
                        {
                         "x":2659.75,
                         "y":135.75
                        }, 
                        {
                         "x":0,
                         "y":136
                        }, 
                        {
                         "x":-4,
                         "y":-12
                        }],
                 "rotation":0,
                 "type":"",
                 "visible":true,
                 "width":0,
                 "x":-1,
                 "y":284.5
                }, 
                {
                 "height":0,
                 "id":18,
                 "name":"",
                 "polyline":[
                        {
                         "x":0,
                         "y":0
                        }, 
                        {
                         "x":47.5,
                         "y":-8
                        }, 
                        {
                         "x":193.5,
                         "y":-8
                        }, 
                        {
                         "x":205.5,
                         "y":-8
                        }, 
                        {
                         "x":245,
                         "y":0
                        }],
                 "rotation":0,
                 "type":"",
                 "visible":true,
                 "width":0,
                 "x":723.110757575758,
                 "y":208.135848484848
                }, 
                {
                 "height":0,
                 "id":19,
                 "name":"",
                 "polyline":[
                        {
                         "x":0,
                         "y":0
                        }, 
                        {
                         "x":47.5,
                         "y":-8
                        }, 
                        {
                         "x":193.5,
                         "y":-8
                        }, 
                        {
                         "x":205.5,
                         "y":-8
                        }, 
                        {
                         "x":245,
                         "y":0
                        }],
                 "rotation":0,
                 "type":"",
                 "visible":true,
                 "width":0,
                 "x":2331.18909090909,
                 "y":207.256848484848
                }, 
                {
                 "height":0,
                 "id":20,
                 "name":"",
                 "polyline":[
                        {
                         "x":0,
                         "y":0
                        }, 
                        {
                         "x":47.5,
                         "y":-8
                        }, 
                        {
                         "x":193.5,
                         "y":-8
                        }, 
                        {
                         "x":205.5,
                         "y":-8
                        }, 
                        {
                         "x":245,
                         "y":0
                        }],
                 "rotation":0,
                 "type":"",
                 "visible":true,
                 "width":0,
                 "x":1352.23575757576,
                 "y":207.817848484848
                }, 
                {
                 "height":0,
                 "id":21,
                 "name":"",
                 "polyline":[
                        {
                         "x":0,
                         "y":0
                        }, 
                        {
                         "x":57.3333,
                         "y":-10.3333
                        }, 
                        {
                         "x":126.667,
                         "y":-10
                        }, 
                        {
                         "x":212,
                         "y":-9.66667
                        }, 
                        {
                         "x":224,
                         "y":-8.66667
                        }, 
                        {
                         "x":263.667,
                         "y":-2
                        }],
                 "rotation":0,
                 "type":"",
                 "visible":true,
                 "width":0,
                 "x":2323.02909090909,
                 "y":158.923848484848
                }, 
                {
                 "height":0,
                 "id":22,
                 "name":"",
                 "polyline":[
                        {
                         "x":0,
                         "y":0
                        }, 
                        {
                         "x":57.3333,
                         "y":-10.3333
                        }, 
                        {
                         "x":126.667,
                         "y":-10
                        }, 
                        {
                         "x":212,
                         "y":-9.66667
                        }, 
                        {
                         "x":224,
                         "y":-8.66667
                        }, 
                        {
                         "x":263.667,
                         "y":-2
                        }],
                 "rotation":0,
                 "type":"",
                 "visible":true,
                 "width":0,
                 "x":714.950757575758,
                 "y":159.802848484848
                }, 
                {
                 "height":0,
                 "id":23,
                 "name":"",
                 "polyline":[
                        {
                         "x":0,
                         "y":0
                        }, 
                        {
                         "x":57.3333,
                         "y":-10.3333
                        }, 
                        {
                         "x":126.667,
                         "y":-10
                        }, 
                        {
                         "x":212,
                         "y":-9.66667
                        }, 
                        {
                         "x":224,
                         "y":-8.66667
                        }, 
                        {
                         "x":263.667,
                         "y":-2
                        }],
                 "rotation":0,
                 "type":"",
                 "visible":true,
                 "width":0,
                 "x":1344.07575757576,
                 "y":159.484848484848
                }],
         "offsetx":-140,
         "offsety":-48,
         "opacity":1,
         "type":"objectgroup",
         "visible":true,
         "x":0,
         "y":0
        }],
 "nextobjectid":24,
 "orientation":"orthogonal",
 "properties":
    {
     "wheelX":[{"start":8,"end":26},{"start":72,"end":90}],
     "wheelY":"20",
     "xList":null
    },
 "propertytypes":
    {
     "wheelX":"",
     "wheelY":"string",
     "xList":""
    },
 "renderorder":"right-down",
 "tileheight":70,
 "tilesets":[
        {
         "columns":3,
         "firstgid":1,
         "image":"tube.png",
         "imageheight":70,
         "imagewidth":210,
         "margin":0,
         "name":"tubeTiles",
         "spacing":0,
         "tilecount":3,
         "tileheight":70,
         "tilewidth":70
        }, 
        {
         "columns":14,
         "firstgid":4,
         "image":"platform.png",
         "imageheight":490,
         "imagewidth":980,
         "margin":0,
         "name":"platformTiles",
         "spacing":0,
         "tilecount":98,
         "tileheight":70,
         "tilewidth":70
        }],
 "tilewidth":70,
 "type":"map",
 "version":"2017.05.26",
 "width":38
}