<TextureAtlas imagePath="sprites.png">
	<SubTexture name="medievalTile_001.png" x="280" y="980" width="70" height="70"/>
	<SubTexture name="medievalTile_002.png" x="560" y="1960" width="70" height="70"/>
	<SubTexture name="medievalTile_003.png" x="560" y="1890" width="70" height="70"/>
	<SubTexture name="medievalTile_004.png" x="560" y="1820" width="70" height="70"/>
	<SubTexture name="medievalTile_005.png" x="560" y="1750" width="70" height="70"/>
	<SubTexture name="medievalTile_006.png" x="560" y="1680" width="70" height="70"/>
	<SubTexture name="medievalTile_007.png" x="560" y="1610" width="70" height="70"/>
	<SubTexture name="medievalTile_008.png" x="560" y="1540" width="70" height="70"/>
	<SubTexture name="medievalTile_009.png" x="560" y="1470" width="70" height="70"/>
	<SubTexture name="medievalTile_010.png" x="560" y="1400" width="70" height="70"/>
	<SubTexture name="medievalTile_011.png" x="560" y="1330" width="70" height="70"/>
	<SubTexture name="medievalTile_012.png" x="560" y="1260" width="70" height="70"/>
	<SubTexture name="medievalTile_013.png" x="560" y="1190" width="70" height="70"/>
	<SubTexture name="medievalTile_014.png" x="560" y="1120" width="70" height="70"/>
	<SubTexture name="medievalTile_015.png" x="560" y="1050" width="70" height="70"/>
	<SubTexture name="medievalTile_016.png" x="560" y="980" width="70" height="70"/>
	<SubTexture name="medievalTile_017.png" x="560" y="910" width="70" height="70"/>
	<SubTexture name="medievalTile_018.png" x="560" y="840" width="70" height="70"/>
	<SubTexture name="medievalTile_019.png" x="560" y="770" width="70" height="70"/>
	<SubTexture name="medievalTile_020.png" x="560" y="700" width="70" height="70"/>
	<SubTexture name="medievalTile_021.png" x="560" y="630" width="70" height="70"/>
	<SubTexture name="medievalTile_022.png" x="560" y="560" width="70" height="70"/>
	<SubTexture name="medievalTile_023.png" x="560" y="490" width="70" height="70"/>
	<SubTexture name="medievalTile_024.png" x="560" y="420" width="70" height="70"/>
	<SubTexture name="medievalTile_025.png" x="560" y="350" width="70" height="70"/>
	<SubTexture name="medievalTile_026.png" x="560" y="280" width="70" height="70"/>
	<SubTexture name="medievalTile_027.png" x="560" y="210" width="70" height="70"/>
	<SubTexture name="medievalTile_028.png" x="560" y="350" width="70" height="70"/>
	<SubTexture name="medievalTile_029.png" x="560" y="140" width="70" height="70"/>
	<SubTexture name="medievalTile_030.png" x="560" y="210" width="70" height="70"/>
	<SubTexture name="medievalTile_031.png" x="560" y="70" width="70" height="70"/>
	<SubTexture name="medievalTile_032.png" x="560" y="0" width="70" height="70"/>
	<SubTexture name="medievalTile_033.png" x="490" y="1960" width="70" height="70"/>
	<SubTexture name="medievalTile_034.png" x="490" y="1890" width="70" height="70"/>
	<SubTexture name="medievalTile_035.png" x="490" y="1820" width="70" height="70"/>
	<SubTexture name="medievalTile_036.png" x="490" y="1750" width="70" height="70"/>
	<SubTexture name="medievalTile_037.png" x="490" y="1680" width="70" height="70"/>
	<SubTexture name="medievalTile_038.png" x="490" y="1610" width="70" height="70"/>
	<SubTexture name="medievalTile_039.png" x="490" y="1540" width="70" height="70"/>
	<SubTexture name="medievalTile_040.png" x="490" y="1470" width="70" height="70"/>
	<SubTexture name="medievalTile_041.png" x="490" y="1400" width="70" height="70"/>
	<SubTexture name="medievalTile_042.png" x="490" y="1330" width="70" height="70"/>
	<SubTexture name="medievalTile_043.png" x="490" y="1260" width="70" height="70"/>
	<SubTexture name="medievalTile_044.png" x="490" y="1190" width="70" height="70"/>
	<SubTexture name="medievalTile_045.png" x="490" y="1120" width="70" height="70"/>
	<SubTexture name="medievalTile_046.png" x="490" y="1050" width="70" height="70"/>
	<SubTexture name="medievalTile_047.png" x="490" y="980" width="70" height="70"/>
	<SubTexture name="medievalTile_048.png" x="490" y="910" width="70" height="70"/>
	<SubTexture name="medievalTile_049.png" x="490" y="840" width="70" height="70"/>
	<SubTexture name="medievalTile_050.png" x="490" y="770" width="70" height="70"/>
	<SubTexture name="medievalTile_051.png" x="490" y="700" width="70" height="70"/>
	<SubTexture name="medievalTile_052.png" x="490" y="630" width="70" height="70"/>
	<SubTexture name="medievalTile_053.png" x="490" y="560" width="70" height="70"/>
	<SubTexture name="medievalTile_054.png" x="490" y="490" width="70" height="70"/>
	<SubTexture name="medievalTile_055.png" x="490" y="420" width="70" height="70"/>
	<SubTexture name="medievalTile_056.png" x="490" y="350" width="70" height="70"/>
	<SubTexture name="medievalTile_057.png" x="490" y="280" width="70" height="70"/>
	<SubTexture name="medievalTile_058.png" x="490" y="210" width="70" height="70"/>
	<SubTexture name="medievalTile_059.png" x="490" y="140" width="70" height="70"/>
	<SubTexture name="medievalTile_060.png" x="490" y="70" width="70" height="70"/>
	<SubTexture name="medievalTile_061.png" x="490" y="0" width="70" height="70"/>
	<SubTexture name="medievalTile_062.png" x="420" y="1960" width="70" height="70"/>
	<SubTexture name="medievalTile_063.png" x="420" y="1890" width="70" height="70"/>
	<SubTexture name="medievalTile_064.png" x="420" y="1820" width="70" height="70"/>
	<SubTexture name="medievalTile_065.png" x="420" y="1750" width="70" height="70"/>
	<SubTexture name="medievalTile_066.png" x="420" y="1680" width="70" height="70"/>
	<SubTexture name="medievalTile_067.png" x="420" y="1610" width="70" height="70"/>
	<SubTexture name="medievalTile_068.png" x="420" y="1540" width="70" height="70"/>
	<SubTexture name="medievalTile_069.png" x="420" y="1470" width="70" height="70"/>
	<SubTexture name="medievalTile_070.png" x="420" y="1400" width="70" height="70"/>
	<SubTexture name="medievalTile_071.png" x="420" y="1330" width="70" height="70"/>
	<SubTexture name="medievalTile_072.png" x="420" y="1260" width="70" height="70"/>
	<SubTexture name="medievalTile_073.png" x="420" y="1190" width="70" height="70"/>
	<SubTexture name="medievalTile_074.png" x="420" y="1120" width="70" height="70"/>
	<SubTexture name="medievalTile_075.png" x="420" y="1050" width="70" height="70"/>
	<SubTexture name="medievalTile_076.png" x="420" y="980" width="70" height="70"/>
	<SubTexture name="medievalTile_077.png" x="420" y="910" width="70" height="70"/>
	<SubTexture name="medievalTile_078.png" x="420" y="840" width="70" height="70"/>
	<SubTexture name="medievalTile_079.png" x="420" y="770" width="70" height="70"/>
	<SubTexture name="medievalTile_080.png" x="420" y="700" width="70" height="70"/>
	<SubTexture name="medievalTile_081.png" x="420" y="630" width="70" height="70"/>
	<SubTexture name="medievalTile_082.png" x="420" y="560" width="70" height="70"/>
	<SubTexture name="medievalTile_083.png" x="420" y="490" width="70" height="70"/>
	<SubTexture name="medievalTile_084.png" x="420" y="420" width="70" height="70"/>
	<SubTexture name="medievalTile_085.png" x="420" y="350" width="70" height="70"/>
	<SubTexture name="medievalTile_086.png" x="420" y="280" width="70" height="70"/>
	<SubTexture name="medievalTile_087.png" x="420" y="210" width="70" height="70"/>
	<SubTexture name="medievalTile_088.png" x="420" y="140" width="70" height="70"/>
	<SubTexture name="medievalTile_089.png" x="420" y="70" width="70" height="70"/>
	<SubTexture name="medievalTile_090.png" x="420" y="0" width="70" height="70"/>
	<SubTexture name="medievalTile_091.png" x="350" y="1960" width="70" height="70"/>
	<SubTexture name="medievalTile_092.png" x="350" y="1890" width="70" height="70"/>
	<SubTexture name="medievalTile_093.png" x="350" y="1820" width="70" height="70"/>
	<SubTexture name="medievalTile_094.png" x="350" y="1750" width="70" height="70"/>
	<SubTexture name="medievalTile_095.png" x="350" y="1680" width="70" height="70"/>
	<SubTexture name="medievalTile_096.png" x="350" y="1610" width="70" height="70"/>
	<SubTexture name="medievalTile_097.png" x="350" y="1540" width="70" height="70"/>
	<SubTexture name="medievalTile_098.png" x="350" y="1470" width="70" height="70"/>
	<SubTexture name="medievalTile_099.png" x="350" y="1400" width="70" height="70"/>
	<SubTexture name="medievalTile_100.png" x="350" y="1330" width="70" height="70"/>
	<SubTexture name="medievalTile_101.png" x="350" y="1260" width="70" height="70"/>
	<SubTexture name="medievalTile_102.png" x="350" y="1190" width="70" height="70"/>
	<SubTexture name="medievalTile_103.png" x="350" y="1120" width="70" height="70"/>
	<SubTexture name="medievalTile_104.png" x="350" y="1050" width="70" height="70"/>
	<SubTexture name="medievalTile_105.png" x="350" y="980" width="70" height="70"/>
	<SubTexture name="medievalTile_106.png" x="350" y="910" width="70" height="70"/>
	<SubTexture name="medievalTile_107.png" x="350" y="840" width="70" height="70"/>
	<SubTexture name="medievalTile_108.png" x="350" y="770" width="70" height="70"/>
	<SubTexture name="medievalTile_109.png" x="350" y="700" width="70" height="70"/>
	<SubTexture name="medievalTile_110.png" x="350" y="630" width="70" height="70"/>
	<SubTexture name="medievalTile_111.png" x="350" y="560" width="70" height="70"/>
	<SubTexture name="medievalTile_112.png" x="420" y="1750" width="70" height="70"/>
	<SubTexture name="medievalTile_113.png" x="350" y="490" width="70" height="70"/>
	<SubTexture name="medievalTile_114.png" x="350" y="420" width="70" height="70"/>
	<SubTexture name="medievalTile_115.png" x="350" y="350" width="70" height="70"/>
	<SubTexture name="medievalTile_116.png" x="350" y="280" width="70" height="70"/>
	<SubTexture name="medievalTile_117.png" x="350" y="210" width="70" height="70"/>
	<SubTexture name="medievalTile_118.png" x="350" y="140" width="70" height="70"/>
	<SubTexture name="medievalTile_119.png" x="350" y="70" width="70" height="70"/>
	<SubTexture name="medievalTile_120.png" x="350" y="0" width="70" height="70"/>
	<SubTexture name="medievalTile_121.png" x="280" y="1960" width="70" height="70"/>
	<SubTexture name="medievalTile_122.png" x="280" y="1890" width="70" height="70"/>
	<SubTexture name="medievalTile_123.png" x="280" y="1820" width="70" height="70"/>
	<SubTexture name="medievalTile_124.png" x="280" y="1750" width="70" height="70"/>
	<SubTexture name="medievalTile_125.png" x="280" y="1680" width="70" height="70"/>
	<SubTexture name="medievalTile_126.png" x="280" y="1610" width="70" height="70"/>
	<SubTexture name="medievalTile_127.png" x="280" y="1540" width="70" height="70"/>
	<SubTexture name="medievalTile_128.png" x="280" y="1470" width="70" height="70"/>
	<SubTexture name="medievalTile_129.png" x="280" y="1400" width="70" height="70"/>
	<SubTexture name="medievalTile_130.png" x="280" y="1330" width="70" height="70"/>
	<SubTexture name="medievalTile_131.png" x="280" y="1260" width="70" height="70"/>
	<SubTexture name="medievalTile_132.png" x="280" y="1190" width="70" height="70"/>
	<SubTexture name="medievalTile_133.png" x="280" y="1120" width="70" height="70"/>
	<SubTexture name="medievalTile_134.png" x="280" y="1050" width="70" height="70"/>
	<SubTexture name="medievalTile_135.png" x="630" y="0" width="70" height="70"/>
	<SubTexture name="medievalTile_136.png" x="280" y="910" width="70" height="70"/>
	<SubTexture name="medievalTile_137.png" x="280" y="840" width="70" height="70"/>
	<SubTexture name="medievalTile_138.png" x="280" y="770" width="70" height="70"/>
	<SubTexture name="medievalTile_139.png" x="280" y="700" width="70" height="70"/>
	<SubTexture name="medievalTile_140.png" x="280" y="630" width="70" height="70"/>
	<SubTexture name="medievalTile_141.png" x="280" y="560" width="70" height="70"/>
	<SubTexture name="medievalTile_142.png" x="280" y="490" width="70" height="70"/>
	<SubTexture name="medievalTile_143.png" x="280" y="420" width="70" height="70"/>
	<SubTexture name="medievalTile_144.png" x="280" y="350" width="70" height="70"/>
	<SubTexture name="medievalTile_145.png" x="280" y="280" width="70" height="70"/>
	<SubTexture name="medievalTile_146.png" x="280" y="210" width="70" height="70"/>
	<SubTexture name="medievalTile_147.png" x="280" y="140" width="70" height="70"/>
	<SubTexture name="medievalTile_148.png" x="280" y="70" width="70" height="70"/>
	<SubTexture name="medievalTile_149.png" x="280" y="0" width="70" height="70"/>
	<SubTexture name="medievalTile_150.png" x="210" y="1960" width="70" height="70"/>
	<SubTexture name="medievalTile_151.png" x="210" y="1890" width="70" height="70"/>
	<SubTexture name="medievalTile_152.png" x="210" y="1820" width="70" height="70"/>
	<SubTexture name="medievalTile_153.png" x="210" y="1750" width="70" height="70"/>
	<SubTexture name="medievalTile_154.png" x="210" y="1680" width="70" height="70"/>
	<SubTexture name="medievalTile_155.png" x="210" y="1610" width="70" height="70"/>
	<SubTexture name="medievalTile_156.png" x="210" y="1540" width="70" height="70"/>
	<SubTexture name="medievalTile_157.png" x="210" y="1470" width="70" height="70"/>
	<SubTexture name="medievalTile_158.png" x="210" y="1400" width="70" height="70"/>
	<SubTexture name="medievalTile_159.png" x="210" y="1330" width="70" height="70"/>
	<SubTexture name="medievalTile_160.png" x="210" y="1260" width="70" height="70"/>
	<SubTexture name="medievalTile_161.png" x="210" y="1190" width="70" height="70"/>
	<SubTexture name="medievalTile_162.png" x="210" y="1120" width="70" height="70"/>
	<SubTexture name="medievalTile_163.png" x="210" y="1050" width="70" height="70"/>
	<SubTexture name="medievalTile_164.png" x="210" y="980" width="70" height="70"/>
	<SubTexture name="medievalTile_165.png" x="210" y="910" width="70" height="70"/>
	<SubTexture name="medievalTile_166.png" x="210" y="840" width="70" height="70"/>
	<SubTexture name="medievalTile_167.png" x="210" y="770" width="70" height="70"/>
	<SubTexture name="medievalTile_168.png" x="210" y="700" width="70" height="70"/>
	<SubTexture name="medievalTile_169.png" x="210" y="630" width="70" height="70"/>
	<SubTexture name="medievalTile_170.png" x="210" y="560" width="70" height="70"/>
	<SubTexture name="medievalTile_171.png" x="210" y="490" width="70" height="70"/>
	<SubTexture name="medievalTile_172.png" x="210" y="420" width="70" height="70"/>
	<SubTexture name="medievalTile_173.png" x="210" y="350" width="70" height="70"/>
	<SubTexture name="medievalTile_174.png" x="210" y="280" width="70" height="70"/>
	<SubTexture name="medievalTile_175.png" x="210" y="210" width="70" height="70"/>
	<SubTexture name="medievalTile_176.png" x="210" y="140" width="70" height="70"/>
	<SubTexture name="medievalTile_177.png" x="210" y="70" width="70" height="70"/>
	<SubTexture name="medievalTile_178.png" x="210" y="0" width="70" height="70"/>
	<SubTexture name="medievalTile_179.png" x="210" y="140" width="70" height="70"/>
	<SubTexture name="medievalTile_180.png" x="140" y="1960" width="70" height="70"/>
	<SubTexture name="medievalTile_181.png" x="140" y="1890" width="70" height="70"/>
	<SubTexture name="medievalTile_182.png" x="140" y="1820" width="70" height="70"/>
	<SubTexture name="medievalTile_183.png" x="140" y="1750" width="70" height="70"/>
	<SubTexture name="medievalTile_184.png" x="140" y="1680" width="70" height="70"/>
	<SubTexture name="medievalTile_185.png" x="140" y="1610" width="70" height="70"/>
	<SubTexture name="medievalTile_186.png" x="140" y="1540" width="70" height="70"/>
	<SubTexture name="medievalTile_187.png" x="140" y="1470" width="70" height="70"/>
	<SubTexture name="medievalTile_188.png" x="140" y="1400" width="70" height="70"/>
	<SubTexture name="medievalTile_189.png" x="140" y="1330" width="70" height="70"/>
	<SubTexture name="medievalTile_190.png" x="140" y="1260" width="70" height="70"/>
	<SubTexture name="medievalTile_191.png" x="140" y="1190" width="70" height="70"/>
	<SubTexture name="medievalTile_192.png" x="140" y="1120" width="70" height="70"/>
	<SubTexture name="medievalTile_193.png" x="140" y="1050" width="70" height="70"/>
	<SubTexture name="medievalTile_194.png" x="140" y="980" width="70" height="70"/>
	<SubTexture name="medievalTile_195.png" x="140" y="910" width="70" height="70"/>
	<SubTexture name="medievalTile_196.png" x="140" y="840" width="70" height="70"/>
	<SubTexture name="medievalTile_197.png" x="140" y="770" width="70" height="70"/>
	<SubTexture name="medievalTile_198.png" x="140" y="700" width="70" height="70"/>
	<SubTexture name="medievalTile_199.png" x="140" y="630" width="70" height="70"/>
	<SubTexture name="medievalTile_200.png" x="140" y="560" width="70" height="70"/>
	<SubTexture name="medievalTile_201.png" x="140" y="490" width="70" height="70"/>
	<SubTexture name="medievalTile_202.png" x="140" y="420" width="70" height="70"/>
	<SubTexture name="medievalTile_203.png" x="140" y="350" width="70" height="70"/>
	<SubTexture name="medievalTile_204.png" x="140" y="280" width="70" height="70"/>
	<SubTexture name="medievalTile_205.png" x="140" y="210" width="70" height="70"/>
	<SubTexture name="medievalTile_206.png" x="140" y="140" width="70" height="70"/>
	<SubTexture name="medievalTile_207.png" x="140" y="70" width="70" height="70"/>
	<SubTexture name="medievalTile_208.png" x="140" y="0" width="70" height="70"/>
	<SubTexture name="medievalTile_209.png" x="70" y="1960" width="70" height="70"/>
	<SubTexture name="medievalTile_210.png" x="70" y="1890" width="70" height="70"/>
	<SubTexture name="medievalTile_211.png" x="70" y="1820" width="70" height="70"/>
	<SubTexture name="medievalTile_212.png" x="70" y="1750" width="70" height="70"/>
	<SubTexture name="medievalTile_213.png" x="70" y="1680" width="70" height="70"/>
	<SubTexture name="medievalTile_214.png" x="70" y="1610" width="70" height="70"/>
	<SubTexture name="medievalTile_215.png" x="70" y="1540" width="70" height="70"/>
	<SubTexture name="medievalTile_216.png" x="70" y="1470" width="70" height="70"/>
	<SubTexture name="medievalTile_217.png" x="70" y="1400" width="70" height="70"/>
	<SubTexture name="medievalTile_218.png" x="70" y="1330" width="70" height="70"/>
	<SubTexture name="medievalTile_219.png" x="70" y="1260" width="70" height="70"/>
	<SubTexture name="medievalTile_220.png" x="70" y="1190" width="70" height="70"/>
	<SubTexture name="medievalTile_221.png" x="70" y="1120" width="70" height="70"/>
	<SubTexture name="medievalTile_222.png" x="70" y="1050" width="70" height="70"/>
	<SubTexture name="medievalTile_223.png" x="70" y="980" width="70" height="70"/>
	<SubTexture name="medievalTile_224.png" x="70" y="910" width="70" height="70"/>
	<SubTexture name="medievalTile_225.png" x="70" y="1050" width="70" height="70"/>
	<SubTexture name="medievalTile_226.png" x="70" y="840" width="70" height="70"/>
	<SubTexture name="medievalTile_227.png" x="70" y="770" width="70" height="70"/>
	<SubTexture name="medievalTile_228.png" x="70" y="700" width="70" height="70"/>
	<SubTexture name="medievalTile_229.png" x="70" y="630" width="70" height="70"/>
	<SubTexture name="medievalTile_230.png" x="70" y="560" width="70" height="70"/>
	<SubTexture name="medievalTile_231.png" x="70" y="490" width="70" height="70"/>
	<SubTexture name="medievalTile_232.png" x="70" y="420" width="70" height="70"/>
	<SubTexture name="medievalTile_233.png" x="70" y="350" width="70" height="70"/>
	<SubTexture name="medievalTile_234.png" x="70" y="280" width="70" height="70"/>
	<SubTexture name="medievalTile_235.png" x="70" y="210" width="70" height="70"/>
	<SubTexture name="medievalTile_236.png" x="70" y="140" width="70" height="70"/>
	<SubTexture name="medievalTile_237.png" x="70" y="70" width="70" height="70"/>
	<SubTexture name="medievalTile_238.png" x="70" y="0" width="70" height="70"/>
	<SubTexture name="medievalTile_239.png" x="0" y="1960" width="70" height="70"/>
	<SubTexture name="medievalTile_240.png" x="0" y="1890" width="70" height="70"/>
	<SubTexture name="medievalTile_241.png" x="0" y="1820" width="70" height="70"/>
	<SubTexture name="medievalTile_242.png" x="0" y="1750" width="70" height="70"/>
	<SubTexture name="medievalTile_243.png" x="0" y="1680" width="70" height="70"/>
	<SubTexture name="medievalTile_244.png" x="0" y="1610" width="70" height="70"/>
	<SubTexture name="medievalTile_245.png" x="0" y="1750" width="70" height="70"/>
	<SubTexture name="medievalTile_246.png" x="0" y="1540" width="70" height="70"/>
	<SubTexture name="medievalTile_247.png" x="0" y="1470" width="70" height="70"/>
	<SubTexture name="medievalTile_248.png" x="0" y="1400" width="70" height="70"/>
	<SubTexture name="medievalTile_249.png" x="0" y="1330" width="70" height="70"/>
	<SubTexture name="medievalTile_250.png" x="0" y="1260" width="70" height="70"/>
	<SubTexture name="medievalTile_251.png" x="0" y="1190" width="70" height="70"/>
	<SubTexture name="medievalTile_252.png" x="0" y="1120" width="70" height="70"/>
	<SubTexture name="medievalTile_253.png" x="0" y="1050" width="70" height="70"/>
	<SubTexture name="medievalTile_254.png" x="0" y="980" width="70" height="70"/>
	<SubTexture name="medievalTile_255.png" x="0" y="910" width="70" height="70"/>
	<SubTexture name="medievalTile_256.png" x="0" y="840" width="70" height="70"/>
	<SubTexture name="medievalTile_257.png" x="0" y="770" width="70" height="70"/>
	<SubTexture name="medievalTile_258.png" x="0" y="700" width="70" height="70"/>
	<SubTexture name="medievalTile_259.png" x="0" y="630" width="70" height="70"/>
	<SubTexture name="medievalTile_260.png" x="0" y="560" width="70" height="70"/>
	<SubTexture name="medievalTile_261.png" x="0" y="490" width="70" height="70"/>
	<SubTexture name="medievalTile_262.png" x="0" y="420" width="70" height="70"/>
	<SubTexture name="medievalTile_263.png" x="0" y="350" width="70" height="70"/>
	<SubTexture name="medievalTile_264.png" x="0" y="280" width="70" height="70"/>
	<SubTexture name="medievalTile_265.png" x="0" y="210" width="70" height="70"/>
	<SubTexture name="medievalTile_266.png" x="0" y="140" width="70" height="70"/>
	<SubTexture name="medievalTile_267.png" x="0" y="70" width="70" height="70"/>
	<SubTexture name="medievalTile_268.png" x="0" y="0" width="70" height="70"/>
</TextureAtlas>