{
  "categories": [{
    "name": "Sepakbola &amp; Futsal",
    "url": "/c/olahraga/sepakbola-futsal",
    "count": "63689",
    "sub": "olahraga/sepakbola-futsal.json"
  }, {
    "name": "Lain-lain",
    "url": "/c/olahraga/lain-lain-329",
    "count": "40371",
    "sub": null
  }, {
    "name": "Outdoor",
    "url": "/c/olahraga/outdoor",
    "count": "31983",
    "sub": null
  }, {
    "name": "Pancing",
    "url": "/c/olahraga/pancing",
    "count": "30280",
    "sub": null
  }, {
    "name": "Jersey",
    "url": "/c/olahraga/jersey",
    "count": "29147",
    "sub": null
  }, {
    "name": "Exercise &amp; Fitness",
    "url": "/c/olahraga/exercise-fitness",
    "count": "23250",
    "sub": null
  }, {
    "name": "Adventure",
    "url": "/c/olahraga/adventure",
    "count": "19025",
    "sub": null
  }, {
    "name": "Lari",
    "url": "/c/olahraga/lari",
    "count": "13170",
    "sub": "olahraga/lari.json"
  }, {
    "name": "Badminton",
    "url": "/c/olahraga/badminton",
    "count": "9165",
    "sub": "olahraga/badminton.json"
  }, {
    "name": "Renang",
    "url": "/c/olahraga/renang",
    "count": "6645",
    "sub": "olahraga/renang.json"
  }, {
    "name": "Hunting",
    "url": "/c/olahraga/hunting",
    "count": "5564",
    "sub": null
  }, {
    "name": "Basket",
    "url": "/c/olahraga/basket",
    "count": "4970",
    "sub": "olahraga/basket.json"
  }, {
    "name": "Tenis Meja",
    "url": "/c/olahraga/tenis-meja",
    "count": "2003",
    "sub": "olahraga/tenis-meja.json"
  }, {
    "name": "Tenis",
    "url": "/c/olahraga/tenis",
    "count": "1224",
    "sub": "olahraga/tenis.json"
  }, {
    "name": "Golf",
    "url": "/c/olahraga/golf",
    "count": "1024",
    "sub": null
  }, {
    "name": "Roller Skate",
    "url": "/c/olahraga/roller-skate",
    "count": "985",
    "sub": null
  }, {
    "name": "Skateboard",
    "url": "/c/olahraga/skateboard",
    "count": "617",
    "sub": null
  }]
}