{ 
    
    "car": [
        {
            "shape": [ 23,12, 88,35, 33,35, 9,34, 0,33, 1,13 ]
        },
        {
            "shape": [ 9,39, 9,34, 33,35, 33,40, 30,41, 10,41 ]
        },
        {
            "shape": [ 27,46, 16,46, 12,44, 12,41, 30,41, 30,44 ]
        },
        {
            "shape": [ 116,35, 115,33, 119,13, 122,13, 124,34 ]
        },
        {
            "shape": [ 90,34, 119,13, 109,45, 96,46, 91,42 ]
        },
        {
            "shape": [ 109,45, 113,33, 113,40 ]
        },
        {
            "shape": [ 38,3, 119,13, 90,34, 88,35, 23,12, 23,9, 27,4 ]
        },
        {
            "shape": [ 119,13, 91,9, 111,9, 116,10 ]
        },
        {
            "shape": [ 91,9, 38,3, 40,0, 75,1 ]
        },
        {
            "shape": [ 113,33, 119,13, 115,33 ]
        }
    ]
}
