{ "height":6,
 "layers":[
        {
         "data":[0, 0, 0, 0, 0, 0, 0, 0, 0, 0, 0, 0, 0, 0, 0, 0, 0, 0, 0, 0, 0, 0, 0, 0, 0, 0, 0, 0, 0, 0, 0, 0, 0, 0, 0, 0, 0, 0, 0, 0, 0, 0, 0, 0, 0, 0, 0, 0, 0, 0, 0, 0, 0, 0, 0, 0, 0, 0, 0, 0, 0, 0, 0, 0, 0, 0, 0, 0, 0, 0, 0, 0, 0, 0, 0, 0, 0, 0, 0, 0, 0, 0, 0, 0, 0, 0, 0, 0, 0, 0, 0, 0, 0, 0, 0, 0, 0, 0, 0, 0, 0, 0, 0, 0, 0, 0, 0, 0, 0, 0, 0, 0, 0, 0, 0, 0, 0, 0, 0, 0, 25, 37, 31, 10, 0, 0, 0, 0, 0, 0, 0, 0, 0, 0, 0, 0, 0, 0, 0, 0, 0, 0, 0, 0, 0, 0, 0, 0, 0, 0, 0, 0, 32, 0, 0, 25, 22, 37, 31, 30, 22, 22, 22, 32, 0, 0, 0, 0, 25, 30, 45, 0, 0, 0, 0, 25, 22, 22, 22, 32, 0, 0, 25, 22, 22, 32, 0, 0, 25, 30, 31, 31, 31, 31, 30, 31, 31, 31, 31, 37, 22, 30, 31, 31, 31, 31, 31, 31, 31, 31, 31, 31, 31, 31, 30, 31, 31, 31, 31, 31, 30, 31, 31, 30, 31, 31, 31, 31],
         "height":6,
         "name":"platform",
         "offsetx":-139.393939393939,
         "offsety":-48.4848484848485,
         "opacity":1,
         "type":"tilelayer",
         "visible":true,
         "width":38,
         "x":0,
         "y":0
        }, 
        {
         "draworder":"topdown",
         "name":"platformCollide",
         "objects":[
                {
                 "height":0,
                 "id":3,
                 "name":"",
                 "polyline":[
                        {
                         "x":0,
                         "y":0
                        }, 
                        {
                         "x":64,
                         "y":68
                        }, 
                        {
                         "x":200,
                         "y":60
                        }, 
                        {
                         "x":276,
                         "y":-8
                        }, 
                        {
                         "x":408,
                         "y":-8
                        }, 
                        {
                         "x":498,
                         "y":-74
                        }, 
                        {
                         "x":700.666666666667,
                         "y":-71.3333333333333
                        }, 
                        {
                         "x":696,
                         "y":-52
                        }, 
                        {
                         "x":636,
                         "y":-4
                        }, 
                        {
                         "x":768,
                         "y":-4
                        }, 
                        {
                         "x":840,
                         "y":64
                        }, 
                        {
                         "x":1121.33333333333,
                         "y":66.6666666666667
                        }, 
                        {
                         "x":1192,
                         "y":-2.66666666666669
                        }, 
                        {
                         "x":1330.66666666667,
                         "y":-2.66666666666663
                        }, 
                        {
                         "x":1328,
                         "y":28.6666666666667
                        }, 
                        {
                         "x":1264,
                         "y":68
                        }, 
                        {
                         "x":1609.33333333333,
                         "y":68
                        }, 
                        {
                         "x":1681.33333333333,
                         "y":-5.33333333333337
                        }, 
                        {
                         "x":1884,
                         "y":-4
                        }, 
                        {
                         "x":1960,
                         "y":64
                        }, 
                        {
                         "x":2100,
                         "y":65.3333333333333
                        }, 
                        {
                         "x":2170.66666666667,
                         "y":-4
                        }, 
                        {
                         "x":2308.66666666667,
                         "y":-6
                        }, 
                        {
                         "x":2384,
                         "y":66
                        }, 
                        {
                         "x":2517.33333333333,
                         "y":66
                        }, 
                        {
                         "x":2584,
                         "y":-4
                        }, 
                        {
                         "x":2656,
                         "y":-8
                        }, 
                        {
                         "x":2658.66666666667,
                         "y":132
                        }, 
                        {
                         "x":0,
                         "y":136
                        }, 
                        {
                         "x":-4,
                         "y":-12
                        }],
                 "rotation":0,
                 "type":"",
                 "visible":true,
                 "width":0,
                 "x":0,
                 "y":284
                }],
         "offsetx":-140,
         "offsety":-48,
         "opacity":1,
         "type":"objectgroup",
         "visible":true,
         "x":0,
         "y":0
        }],
 "nextobjectid":4,
 "orientation":"orthogonal",
 "properties":
    {
     "wheelX":null,
     "wheelY":"26",
     "xList":null
    },
 "propertytypes":
    {
     "wheelX":"",
     "wheelY":"string",
     "xList":""
    },
 "renderorder":"right-down",
 "tileheight":70,
 "tilesets":[
        {
         "columns":7,
         "firstgid":1,
         "image":"platform.png",
         "imageheight":512,
         "imagewidth":512,
         "margin":0,
         "name":"platformTiles",
         "spacing":0,
         "tilecount":49,
         "tileheight":70,
         "tilewidth":70
        }],
 "tilewidth":70,
 "type":"map",
 "version":"2017.05.26",
 "width":38
}