{
  "categories": [{
    "name": "Case &amp; Cover",
    "url": "/c/handphone/case-cover",
    "count": 416993,
    "sub": null
  }, {
    "name": "Aksesoris Handphone",
    "url": "/c/handphone/aksesoris-handphone",
    "count": 193135,
    "sub": null
  }, {
    "name": "Screen Protector",
    "url": "/c/handphone/screen-protector",
    "count": 87065,
    "sub": null
  }, {
    "name": "HP &amp; Smartphone",
    "url": "/c/handphone/hp-smartphone",
    "count": 62060,
    "sub": null
  }, {
    "name": "Baterai",
    "url": "/c/handphone/baterai-176",
    "count": 61475,
    "sub": null
  }, {
    "name": "Power Bank",
    "url": "/c/handphone/power-bank",
    "count": 39598,
    "sub": null
  }, {
    "name": "Kartu Perdana",
    "url": "/c/handphone/kartu-perdana-183",
    "count": 38158,
    "sub": null
  }, {
    "name": "Charger",
    "url": "/c/handphone/charger-177",
    "count": 30877,
    "sub": null
  }, {
    "name": "Headset (Earphone)",
    "url": "/c/handphone/headset-earphone",
    "count": 27419,
    "sub": null
  }, {
    "name": "Kabel Data",
    "url": "/c/handphone/kabel-data",
    "count": 25962,
    "sub": null
  }, {
    "name": "Memory Card",
    "url": "/c/handphone/memory-card",
    "count": 14704,
    "sub": null
  }, {
    "name": "Tongsis",
    "url": "/c/handphone/tongsis",
    "count": 7407,
    "sub": null
  }, {
    "name": "Lensa Portabel",
    "url": "/c/handphone/lensa-portabel",
    "count": 5214,
    "sub": null
  }, {
    "name": "Mini Tripod",
    "url": "/c/handphone/mini-tripod",
    "count": 1844,
    "sub": null
  }, {
    "name": "Tomsis",
    "url": "/c/handphone/tomsis",
    "count": 1130,
    "sub": null
  }]
}