{ 
    
    "car": [
        
        {
            "density": 2, "friction": 0, "bounce": 0, 
            "filter": { "categoryBits": 1, "maskBits": 65535 },
            "shape": [   29, 0  ,  35, 3  ,  27, 5  ,  25, 0  ]
        } ,
        {
            "density": 2, "friction": 0, "bounce": 0, 
            "filter": { "categoryBits": 1, "maskBits": 65535 },
            "shape": [   0, 29  ,  5, 30  ,  4, 32  ,  0, 32  ]
        } ,
        {
            "density": 2, "friction": 0, "bounce": 0, 
            "filter": { "categoryBits": 1, "maskBits": 65535 },
            "shape": [   9, 30  ,  5, 30  ,  0, 29  ,  4, 23  ,  9, 23  ]
        } ,
        {
            "density": 2, "friction": 0, "bounce": 0, 
            "filter": { "categoryBits": 1, "maskBits": 65535 },
            "shape": [   1, 50  ,  4, 47  ,  4, 54  ,  1, 53  ]
        } ,
        {
            "density": 2, "friction": 0, "bounce": 0, 
            "filter": { "categoryBits": 1, "maskBits": 65535 },
            "shape": [   33, 56  ,  97, 42  ,  100, 42  ,  100, 56  ]
        } ,
        {
            "density": 2, "friction": 0, "bounce": 0, 
            "filter": { "categoryBits": 1, "maskBits": 65535 },
            "shape": [   4, 47  ,  5, 34  ,  9, 56  ,  4, 56  ]
        } ,
        {
            "density": 2, "friction": 0, "bounce": 0, 
            "filter": { "categoryBits": 1, "maskBits": 65535 },
            "shape": [   9, 56  ,  32, 62  ,  28, 67  ,  15, 68  ,  10, 63  ]
        } ,
        {
            "density": 2, "friction": 0, "bounce": 0, 
            "filter": { "categoryBits": 1, "maskBits": 65535 },
            "shape": [   68, 56  ,  92, 56  ,  90, 64  ,  85, 68  ,  74, 68  ,  69, 63  ]
        } ,
        {
            "density": 2, "friction": 0, "bounce": 0, 
            "filter": { "categoryBits": 1, "maskBits": 65535 },
            "shape": [   5, 34  ,  9, 30  ,  12, 30  ,  33, 56  ,  32, 62  ,  9, 56  ]
        } ,
        {
            "density": 2, "friction": 0, "bounce": 0, 
            "filter": { "categoryBits": 1, "maskBits": 65535 },
            "shape": [   56, 7  ,  68, 18  ,  33, 56  ,  12, 30  ,  23, 7  ,  27, 5  ,  35, 3  ,  46, 3  ]
        } ,
        {
            "density": 2, "friction": 0, "bounce": 0, 
            "filter": { "categoryBits": 1, "maskBits": 65535 },
            "shape": [   23, 7  ,  12, 30  ,  16, 15  ]
        } ,
        {
            "density": 2, "friction": 0, "bounce": 0, 
            "filter": { "categoryBits": 1, "maskBits": 65535 },
            "shape": [   97, 42  ,  33, 56  ,  86, 36  ,  96, 40  ]
        } ,
        {
            "density": 2, "friction": 0, "bounce": 0, 
            "filter": { "categoryBits": 1, "maskBits": 65535 },
            "shape": [   9, 30  ,  8, 31  ,  5, 30  ]
        } ,
        {
            "density": 2, "friction": 0, "bounce": 0, 
            "filter": { "categoryBits": 1, "maskBits": 65535 },
            "shape": [   84, 32  ,  86, 36  ,  33, 56  ,  68, 18  ,  70, 18  ]
        }
    ]
}
