<?xml version="1.0" encoding="UTF-8"?>
<!-- created with http://www.physicseditor.de -->
<bodydef version="1.0">
    <bodies numBodies="1">

        <body name="sprite6_0" dynamic="true" numFixtures="1">

            <fixture
                density="2"
                friction="0"
                restitution="0"
                filter_categoryBits="1"
                filter_groupIndex="0"
                filter_maskBits="65535"
                isSensor="false"
                type="POLYGON"
                numPolygons="77"
                >


                <polygon numVertexes="3">

                    <vertex x="-45.0000" y="55.5000" />

                    <vertex x="-42.0000" y="52.5000" />

                    <vertex x="-42.0000" y="55.5000" />

                </polygon>

                <polygon numVertexes="3">

                    <vertex x="-48.0000" y="58.5000" />

                    <vertex x="-45.0000" y="55.5000" />

                    <vertex x="-45.0000" y="58.5000" />

                </polygon>

                <polygon numVertexes="3">

                    <vertex x="-105.0000" y="55.5000" />

                    <vertex x="-102.0000" y="58.5000" />

                    <vertex x="-105.0000" y="58.5000" />

                </polygon>

                <polygon numVertexes="3">

                    <vertex x="-108.0000" y="52.5000" />

                    <vertex x="-105.0000" y="55.5000" />

                    <vertex x="-108.0000" y="55.5000" />

                </polygon>

                <polygon numVertexes="3">

                    <vertex x="-105.0000" y="-4.5000" />

                    <vertex x="-108.0000" y="-1.5000" />

                    <vertex x="-108.0000" y="-4.5000" />

                </polygon>

                <polygon numVertexes="3">

                    <vertex x="-102.0000" y="-7.5000" />

                    <vertex x="-105.0000" y="-4.5000" />

                    <vertex x="-105.0000" y="-7.5000" />

                </polygon>

                <polygon numVertexes="4">

                    <vertex x="-57.0000" y="-58.5000" />

                    <vertex x="-27.0000" y="-52.5000" />

                    <vertex x="-60.0000" y="-55.5000" />

                    <vertex x="-60.0000" y="-58.5000" />

                </polygon>

                <polygon numVertexes="4">

                    <vertex x="-54.0000" y="-61.5000" />

                    <vertex x="-27.0000" y="-52.5000" />

                    <vertex x="-57.0000" y="-58.5000" />

                    <vertex x="-57.0000" y="-61.5000" />

                </polygon>

                <polygon numVertexes="4">

                    <vertex x="-51.0000" y="-64.5000" />

                    <vertex x="-27.0000" y="-52.5000" />

                    <vertex x="-54.0000" y="-61.5000" />

                    <vertex x="-54.0000" y="-64.5000" />

                </polygon>

                <polygon numVertexes="4">

                    <vertex x="-48.0000" y="-67.5000" />

                    <vertex x="-27.0000" y="-52.5000" />

                    <vertex x="-51.0000" y="-64.5000" />

                    <vertex x="-51.0000" y="-67.5000" />

                </polygon>

                <polygon numVertexes="3">

                    <vertex x="-45.0000" y="-70.5000" />

                    <vertex x="-48.0000" y="-67.5000" />

                    <vertex x="-48.0000" y="-70.5000" />

                </polygon>

                <polygon numVertexes="3">

                    <vertex x="51.0000" y="-64.5000" />

                    <vertex x="48.0000" y="-67.5000" />

                    <vertex x="51.0000" y="-67.5000" />

                </polygon>

                <polygon numVertexes="4">

                    <vertex x="54.0000" y="-61.5000" />

                    <vertex x="-24.0000" y="-52.5000" />

                    <vertex x="51.0000" y="-64.5000" />

                    <vertex x="54.0000" y="-64.5000" />

                </polygon>

                <polygon numVertexes="4">

                    <vertex x="57.0000" y="-58.5000" />

                    <vertex x="-24.0000" y="-52.5000" />

                    <vertex x="54.0000" y="-61.5000" />

                    <vertex x="57.0000" y="-61.5000" />

                </polygon>

                <polygon numVertexes="4">

                    <vertex x="60.0000" y="-55.5000" />

                    <vertex x="-24.0000" y="-52.5000" />

                    <vertex x="57.0000" y="-58.5000" />

                    <vertex x="60.0000" y="-58.5000" />

                </polygon>

                <polygon numVertexes="4">

                    <vertex x="63.0000" y="-52.5000" />

                    <vertex x="-24.0000" y="-52.5000" />

                    <vertex x="60.0000" y="-55.5000" />

                    <vertex x="63.0000" y="-55.5000" />

                </polygon>

                <polygon numVertexes="3">

                    <vertex x="123.0000" y="-43.5000" />

                    <vertex x="120.0000" y="-46.5000" />

                    <vertex x="123.0000" y="-46.5000" />

                </polygon>

                <polygon numVertexes="5">

                    <vertex x="120.0000" y="-4.5000" />

                    <vertex x="51.0000" y="40.5000" />

                    <vertex x="48.0000" y="28.5000" />

                    <vertex x="117.0000" y="-7.5000" />

                    <vertex x="120.0000" y="-7.5000" />

                </polygon>

                <polygon numVertexes="3">

                    <vertex x="123.0000" y="-1.5000" />

                    <vertex x="120.0000" y="-4.5000" />

                    <vertex x="123.0000" y="-4.5000" />

                </polygon>

                <polygon numVertexes="3">

                    <vertex x="120.0000" y="55.5000" />

                    <vertex x="123.0000" y="52.5000" />

                    <vertex x="123.0000" y="55.5000" />

                </polygon>

                <polygon numVertexes="3">

                    <vertex x="117.0000" y="58.5000" />

                    <vertex x="120.0000" y="55.5000" />

                    <vertex x="120.0000" y="58.5000" />

                </polygon>

                <polygon numVertexes="3">

                    <vertex x="60.0000" y="55.5000" />

                    <vertex x="63.0000" y="58.5000" />

                    <vertex x="60.0000" y="58.5000" />

                </polygon>

                <polygon numVertexes="3">

                    <vertex x="57.0000" y="52.5000" />

                    <vertex x="60.0000" y="55.5000" />

                    <vertex x="57.0000" y="55.5000" />

                </polygon>

                <polygon numVertexes="7">

                    <vertex x="42.0000" y="31.5000" />

                    <vertex x="-90.0000" y="-13.5000" />

                    <vertex x="-90.0000" y="-16.5000" />

                    <vertex x="-27.0000" y="-52.5000" />

                    <vertex x="-24.0000" y="-52.5000" />

                    <vertex x="45.0000" y="28.5000" />

                    <vertex x="45.0000" y="31.5000" />

                </polygon>

                <polygon numVertexes="7">

                    <vertex x="117.0000" y="-10.5000" />

                    <vertex x="-24.0000" y="-52.5000" />

                    <vertex x="63.0000" y="-52.5000" />

                    <vertex x="108.0000" y="-49.5000" />

                    <vertex x="123.0000" y="-43.5000" />

                    <vertex x="126.0000" y="-28.5000" />

                    <vertex x="126.0000" y="-10.5000" />

                </polygon>

                <polygon numVertexes="4">

                    <vertex x="-123.0000" y="-19.5000" />

                    <vertex x="-114.0000" y="-16.5000" />

                    <vertex x="-114.0000" y="-13.5000" />

                    <vertex x="-123.0000" y="-13.5000" />

                </polygon>

                <polygon numVertexes="4">

                    <vertex x="24.0000" y="-79.5000" />

                    <vertex x="24.0000" y="-76.5000" />

                    <vertex x="-24.0000" y="-52.5000" />

                    <vertex x="-24.0000" y="-79.5000" />

                </polygon>

                <polygon numVertexes="4">

                    <vertex x="-36.0000" y="40.5000" />

                    <vertex x="-96.0000" y="-10.5000" />

                    <vertex x="-33.0000" y="34.5000" />

                    <vertex x="-33.0000" y="40.5000" />

                </polygon>

                <polygon numVertexes="5">

                    <vertex x="-39.0000" y="46.5000" />

                    <vertex x="-111.0000" y="4.5000" />

                    <vertex x="-96.0000" y="-10.5000" />

                    <vertex x="-36.0000" y="40.5000" />

                    <vertex x="-36.0000" y="46.5000" />

                </polygon>

                <polygon numVertexes="3">

                    <vertex x="-42.0000" y="52.5000" />

                    <vertex x="-39.0000" y="46.5000" />

                    <vertex x="-39.0000" y="52.5000" />

                </polygon>

                <polygon numVertexes="3">

                    <vertex x="-54.0000" y="61.5000" />

                    <vertex x="-48.0000" y="58.5000" />

                    <vertex x="-48.0000" y="61.5000" />

                </polygon>

                <polygon numVertexes="3">

                    <vertex x="-90.0000" y="64.5000" />

                    <vertex x="-54.0000" y="61.5000" />

                    <vertex x="-54.0000" y="64.5000" />

                </polygon>

                <polygon numVertexes="5">

                    <vertex x="-96.0000" y="61.5000" />

                    <vertex x="-39.0000" y="46.5000" />

                    <vertex x="-54.0000" y="61.5000" />

                    <vertex x="-90.0000" y="64.5000" />

                    <vertex x="-96.0000" y="64.5000" />

                </polygon>

                <polygon numVertexes="3">

                    <vertex x="-102.0000" y="58.5000" />

                    <vertex x="-96.0000" y="61.5000" />

                    <vertex x="-102.0000" y="61.5000" />

                </polygon>

                <polygon numVertexes="3">

                    <vertex x="-111.0000" y="46.5000" />

                    <vertex x="-108.0000" y="52.5000" />

                    <vertex x="-111.0000" y="52.5000" />

                </polygon>

                <polygon numVertexes="3">

                    <vertex x="-114.0000" y="10.5000" />

                    <vertex x="-111.0000" y="46.5000" />

                    <vertex x="-114.0000" y="46.5000" />

                </polygon>

                <polygon numVertexes="5">

                    <vertex x="-111.0000" y="4.5000" />

                    <vertex x="-39.0000" y="46.5000" />

                    <vertex x="-96.0000" y="61.5000" />

                    <vertex x="-114.0000" y="10.5000" />

                    <vertex x="-114.0000" y="4.5000" />

                </polygon>

                <polygon numVertexes="3">

                    <vertex x="-108.0000" y="-1.5000" />

                    <vertex x="-111.0000" y="4.5000" />

                    <vertex x="-111.0000" y="-1.5000" />

                </polygon>

                <polygon numVertexes="3">

                    <vertex x="-96.0000" y="-10.5000" />

                    <vertex x="-102.0000" y="-7.5000" />

                    <vertex x="-102.0000" y="-10.5000" />

                </polygon>

                <polygon numVertexes="6">

                    <vertex x="-90.0000" y="-13.5000" />

                    <vertex x="42.0000" y="31.5000" />

                    <vertex x="42.0000" y="34.5000" />

                    <vertex x="-33.0000" y="34.5000" />

                    <vertex x="-96.0000" y="-10.5000" />

                    <vertex x="-96.0000" y="-13.5000" />

                </polygon>

                <polygon numVertexes="4">

                    <vertex x="-60.0000" y="-55.5000" />

                    <vertex x="-27.0000" y="-52.5000" />

                    <vertex x="-66.0000" y="-52.5000" />

                    <vertex x="-66.0000" y="-55.5000" />

                </polygon>

                <polygon numVertexes="3">

                    <vertex x="-39.0000" y="-73.5000" />

                    <vertex x="-45.0000" y="-70.5000" />

                    <vertex x="-45.0000" y="-73.5000" />

                </polygon>

                <polygon numVertexes="4">

                    <vertex x="-27.0000" y="-52.5000" />

                    <vertex x="-39.0000" y="-73.5000" />

                    <vertex x="-39.0000" y="-76.5000" />

                    <vertex x="-27.0000" y="-76.5000" />

                </polygon>

                <polygon numVertexes="3">

                    <vertex x="42.0000" y="-70.5000" />

                    <vertex x="36.0000" y="-73.5000" />

                    <vertex x="42.0000" y="-73.5000" />

                </polygon>

                <polygon numVertexes="3">

                    <vertex x="48.0000" y="-67.5000" />

                    <vertex x="42.0000" y="-70.5000" />

                    <vertex x="48.0000" y="-70.5000" />

                </polygon>

                <polygon numVertexes="4">

                    <vertex x="129.0000" y="-22.5000" />

                    <vertex x="126.0000" y="-22.5000" />

                    <vertex x="126.0000" y="-28.5000" />

                    <vertex x="129.0000" y="-28.5000" />

                </polygon>

                <polygon numVertexes="3">

                    <vertex x="126.0000" y="4.5000" />

                    <vertex x="123.0000" y="-1.5000" />

                    <vertex x="126.0000" y="-1.5000" />

                </polygon>

                <polygon numVertexes="3">

                    <vertex x="129.0000" y="40.5000" />

                    <vertex x="126.0000" y="4.5000" />

                    <vertex x="129.0000" y="4.5000" />

                </polygon>

                <polygon numVertexes="6">

                    <vertex x="51.0000" y="46.5000" />

                    <vertex x="51.0000" y="40.5000" />

                    <vertex x="120.0000" y="-4.5000" />

                    <vertex x="126.0000" y="4.5000" />

                    <vertex x="129.0000" y="40.5000" />

                    <vertex x="129.0000" y="46.5000" />

                </polygon>

                <polygon numVertexes="3">

                    <vertex x="123.0000" y="52.5000" />

                    <vertex x="126.0000" y="46.5000" />

                    <vertex x="126.0000" y="52.5000" />

                </polygon>

                <polygon numVertexes="3">

                    <vertex x="111.0000" y="61.5000" />

                    <vertex x="117.0000" y="58.5000" />

                    <vertex x="117.0000" y="61.5000" />

                </polygon>

                <polygon numVertexes="3">

                    <vertex x="75.0000" y="64.5000" />

                    <vertex x="111.0000" y="61.5000" />

                    <vertex x="111.0000" y="64.5000" />

                </polygon>

                <polygon numVertexes="5">

                    <vertex x="69.0000" y="61.5000" />

                    <vertex x="126.0000" y="46.5000" />

                    <vertex x="111.0000" y="61.5000" />

                    <vertex x="75.0000" y="64.5000" />

                    <vertex x="69.0000" y="64.5000" />

                </polygon>

                <polygon numVertexes="3">

                    <vertex x="63.0000" y="58.5000" />

                    <vertex x="69.0000" y="61.5000" />

                    <vertex x="63.0000" y="61.5000" />

                </polygon>

                <polygon numVertexes="3">

                    <vertex x="54.0000" y="46.5000" />

                    <vertex x="57.0000" y="52.5000" />

                    <vertex x="54.0000" y="52.5000" />

                </polygon>

                <polygon numVertexes="4">

                    <vertex x="-27.0000" y="-52.5000" />

                    <vertex x="-126.0000" y="-31.5000" />

                    <vertex x="-129.0000" y="-31.5000" />

                    <vertex x="-129.0000" y="-52.5000" />

                </polygon>

                <polygon numVertexes="3">

                    <vertex x="-126.0000" y="-31.5000" />

                    <vertex x="-123.0000" y="-19.5000" />

                    <vertex x="-126.0000" y="-19.5000" />

                </polygon>

                <polygon numVertexes="5">

                    <vertex x="-126.0000" y="-31.5000" />

                    <vertex x="-27.0000" y="-52.5000" />

                    <vertex x="-90.0000" y="-16.5000" />

                    <vertex x="-114.0000" y="-16.5000" />

                    <vertex x="-123.0000" y="-19.5000" />

                </polygon>

                <polygon numVertexes="3">

                    <vertex x="36.0000" y="-73.5000" />

                    <vertex x="24.0000" y="-76.5000" />

                    <vertex x="36.0000" y="-76.5000" />

                </polygon>

                <polygon numVertexes="3">

                    <vertex x="120.0000" y="-46.5000" />

                    <vertex x="108.0000" y="-49.5000" />

                    <vertex x="120.0000" y="-49.5000" />

                </polygon>

                <polygon numVertexes="3">

                    <vertex x="48.0000" y="28.5000" />

                    <vertex x="51.0000" y="40.5000" />

                    <vertex x="48.0000" y="40.5000" />

                </polygon>

                <polygon numVertexes="3">

                    <vertex x="126.0000" y="-28.5000" />

                    <vertex x="123.0000" y="-43.5000" />

                    <vertex x="126.0000" y="-43.5000" />

                </polygon>

                <polygon numVertexes="3">

                    <vertex x="123.0000" y="-43.5000" />

                    <vertex x="108.0000" y="-49.5000" />

                    <vertex x="120.0000" y="-46.5000" />

                </polygon>

                <polygon numVertexes="4">

                    <vertex x="-48.0000" y="58.5000" />

                    <vertex x="-54.0000" y="61.5000" />

                    <vertex x="-39.0000" y="46.5000" />

                    <vertex x="-42.0000" y="52.5000" />

                </polygon>

                <polygon numVertexes="5">

                    <vertex x="-108.0000" y="52.5000" />

                    <vertex x="-111.0000" y="46.5000" />

                    <vertex x="-114.0000" y="10.5000" />

                    <vertex x="-96.0000" y="61.5000" />

                    <vertex x="-102.0000" y="58.5000" />

                </polygon>

                <polygon numVertexes="4">

                    <vertex x="-102.0000" y="-7.5000" />

                    <vertex x="-96.0000" y="-10.5000" />

                    <vertex x="-111.0000" y="4.5000" />

                    <vertex x="-108.0000" y="-1.5000" />

                </polygon>

                <polygon numVertexes="4">

                    <vertex x="-39.0000" y="-73.5000" />

                    <vertex x="-27.0000" y="-52.5000" />

                    <vertex x="-48.0000" y="-67.5000" />

                    <vertex x="-45.0000" y="-70.5000" />

                </polygon>

                <polygon numVertexes="5">

                    <vertex x="51.0000" y="-64.5000" />

                    <vertex x="-24.0000" y="-52.5000" />

                    <vertex x="24.0000" y="-76.5000" />

                    <vertex x="36.0000" y="-73.5000" />

                    <vertex x="48.0000" y="-67.5000" />

                </polygon>

                <polygon numVertexes="3">

                    <vertex x="126.0000" y="4.5000" />

                    <vertex x="120.0000" y="-4.5000" />

                    <vertex x="123.0000" y="-1.5000" />

                </polygon>

                <polygon numVertexes="4">

                    <vertex x="117.0000" y="58.5000" />

                    <vertex x="111.0000" y="61.5000" />

                    <vertex x="126.0000" y="46.5000" />

                    <vertex x="123.0000" y="52.5000" />

                </polygon>

                <polygon numVertexes="5">

                    <vertex x="57.0000" y="52.5000" />

                    <vertex x="54.0000" y="46.5000" />

                    <vertex x="126.0000" y="46.5000" />

                    <vertex x="69.0000" y="61.5000" />

                    <vertex x="63.0000" y="58.5000" />

                </polygon>

                <polygon numVertexes="4">

                    <vertex x="-90.0000" y="67.5000" />

                    <vertex x="-90.0000" y="64.5000" />

                    <vertex x="-60.0000" y="64.5000" />

                    <vertex x="-60.0000" y="67.5000" />

                </polygon>

                <polygon numVertexes="4">

                    <vertex x="-117.0000" y="10.5000" />

                    <vertex x="-114.0000" y="10.5000" />

                    <vertex x="-114.0000" y="40.5000" />

                    <vertex x="-117.0000" y="40.5000" />

                </polygon>

                <polygon numVertexes="4">

                    <vertex x="132.0000" y="40.5000" />

                    <vertex x="129.0000" y="40.5000" />

                    <vertex x="129.0000" y="10.5000" />

                    <vertex x="132.0000" y="10.5000" />

                </polygon>

                <polygon numVertexes="4">

                    <vertex x="75.0000" y="67.5000" />

                    <vertex x="75.0000" y="64.5000" />

                    <vertex x="105.0000" y="64.5000" />

                    <vertex x="105.0000" y="67.5000" />

                </polygon>

                <polygon numVertexes="3">

                    <vertex x="108.0000" y="-49.5000" />

                    <vertex x="63.0000" y="-52.5000" />

                    <vertex x="108.0000" y="-52.5000" />

                </polygon>

                <polygon numVertexes="5">

                    <vertex x="48.0000" y="28.5000" />

                    <vertex x="45.0000" y="28.5000" />

                    <vertex x="-24.0000" y="-52.5000" />

                    <vertex x="117.0000" y="-10.5000" />

                    <vertex x="117.0000" y="-7.5000" />

                </polygon>


            </fixture>

        </body>

    </bodies>
    <metadata>
        <format>1</format>
        <ptm_ratio></ptm_ratio>
    </metadata>
</bodydef>
