{
  "categories": [{
    "name": "Lain-lain",
    "url": "/c/motor-471/aksesoris-motor/lain-lain-462",
    "count": "130882",
    "sub": null
  }, {
    "name": "Sticker &amp; Striping",
    "url": "/c/motor-471/aksesoris-motor/sticker-striping",
    "count": "9164",
    "sub": null
  }, {
    "name": "Headlamp &amp; Stoplamp",
    "url": "/c/motor-471/aksesoris-motor/headlamp-stoplamp-440",
    "count": "8997",
    "sub": null
  }, {
    "name": "LED, HID &amp; Bohlam",
    "url": "/c/motor-471/aksesoris-motor/led-hid-bohlam",
    "count": "7903",
    "sub": null
  }, {
    "name": "Spion",
    "url": "/c/motor-471/aksesoris-motor/spion-442",
    "count": "3605",
    "sub": null
  }, {
    "name": "Alarm System",
    "url": "/c/motor-471/aksesoris-motor/alarm-system",
    "count": "2386",
    "sub": null
  }, {
    "name": "Box",
    "url": "/c/motor-471/aksesoris-motor/box",
    "count": "1787",
    "sub": null
  }, {
    "name": "Cover Jok",
    "url": "/c/motor-471/aksesoris-motor/cover-jok",
    "count": "1680",
    "sub": null
  }, {
    "name": "Visor &amp; Windshield",
    "url": "/c/motor-471/aksesoris-motor/visor-windshield",
    "count": "1334",
    "sub": null
  }]
}