{
  "categories": [{
    "name": "Helm",
    "url": "/c/motor-471/outwear-motor/helm",
    "count": "14195",
    "sub": null
  }, {
    "name": "Jas Hujan",
    "url": "/c/motor-471/outwear-motor/jas-hujan",
    "count": "5296",
    "sub": null
  }, {
    "name": "Jaket &amp; Body Protector",
    "url": "/c/motor-471/outwear-motor/jaket-body-protector",
    "count": "3920",
    "sub": null
  }, {
    "name": "Gloves",
    "url": "/c/motor-471/outwear-motor/gloves",
    "count": "2772",
    "sub": null
  }, {
    "name": "Masker &amp; Slayer",
    "url": "/c/motor-471/outwear-motor/masker-slayer",
    "count": "2133",
    "sub": null
  }, {
    "name": "Boots &amp; Sepatu",
    "url": "/c/motor-471/outwear-motor/boots-sepatu",
    "count": "1654",
    "sub": null
  }, {
    "name": "Tas",
    "url": "/c/motor-471/outwear-motor/tas-1023",
    "count": "816",
    "sub": null
  }, {
    "name": "Goggle &amp; Kacamata",
    "url": "/c/motor-471/outwear-motor/goggle-kacamata-1020",
    "count": "650",
    "sub": null
  }]
}