{
  "categories": [{
    "name": "Lain-lain",
    "url": "/c/motor-471/sparepart-motor/lain-lain-452",
    "count": "119698",
    "sub": null
  }, {
    "name": "Knalpot",
    "url": "/c/motor-471/sparepart-motor/knalpot",
    "count": "22398",
    "sub": null
  }, {
    "name": "Body Part",
    "url": "/c/motor-471/sparepart-motor/body-part",
    "count": "7899",
    "sub": null
  }, {
    "name": "Shockbreaker",
    "url": "/c/motor-471/sparepart-motor/shockbreaker-430",
    "count": "7725",
    "sub": null
  }, {
    "name": "Gear",
    "url": "/c/motor-471/sparepart-motor/gear",
    "count": "7116",
    "sub": null
  }, {
    "name": "Velg &amp; Ban",
    "url": "/c/motor-471/sparepart-motor/velg-ban",
    "count": "5049",
    "sub": null
  }, {
    "name": "Tromol",
    "url": "/c/motor-471/sparepart-motor/tromol",
    "count": "4296",
    "sub": null
  }, {
    "name": "Block Mesin",
    "url": "/c/motor-471/sparepart-motor/block-mesin",
    "count": "4264",
    "sub": null
  }, {
    "name": "Karburator",
    "url": "/c/motor-471/sparepart-motor/karburator",
    "count": "3961",
    "sub": null
  }, {
    "name": "Piston",
    "url": "/c/motor-471/sparepart-motor/piston",
    "count": "3340",
    "sub": null
  }, {
    "name": "Cakram",
    "url": "/c/motor-471/sparepart-motor/cakram",
    "count": "3151",
    "sub": null
  }, {
    "name": "Handlebrake",
    "url": "/c/motor-471/sparepart-motor/handlebrake",
    "count": "3048",
    "sub": null
  }, {
    "name": "Stang",
    "url": "/c/motor-471/sparepart-motor/stang",
    "count": "2917",
    "sub": null
  }, {
    "name": "Foot Step",
    "url": "/c/motor-471/sparepart-motor/foot-step",
    "count": "2716",
    "sub": null
  }, {
    "name": "Kampas Rem",
    "url": "/c/motor-471/sparepart-motor/kampas-rem",
    "count": "2505",
    "sub": null
  }, {
    "name": "Filter",
    "url": "/c/motor-471/sparepart-motor/filter-693",
    "count": "2359",
    "sub": null
  }, {
    "name": "Koil",
    "url": "/c/motor-471/sparepart-motor/koil",
    "count": "1668",
    "sub": null
  }, {
    "name": "Speedometer",
    "url": "/c/motor-471/sparepart-motor/speedometer-1045",
    "count": "1398",
    "sub": null
  }, {
    "name": "Tangki",
    "url": "/c/motor-471/sparepart-motor/tangki",
    "count": "1072",
    "sub": null
  }, {
    "name": "Accue/Aki Motor",
    "url": "/c/motor-471/sparepart-motor/accue-aki-motor",
    "count": "877",
    "sub": null
  }, {
    "name": "Dinamo",
    "url": "/c/motor-471/sparepart-motor/dinamo",
    "count": "764",
    "sub": null
  }, {
    "name": "Jari-jari",
    "url": "/c/motor-471/sparepart-motor/jari-jari-1112",
    "count": "636",
    "sub": null
  }, {
    "name": "Kaliper",
    "url": "/c/motor-471/sparepart-motor/kaliper",
    "count": "630",
    "sub": null
  }, {
    "name": "Radiator",
    "url": "/c/motor-471/sparepart-motor/radiator-533",
    "count": "338",
    "sub": null
  }]
}