{
  "categories": [{
    "name": "Lain-lain",
    "url": "/c/komputer/aksesoris-226/lain-lain-241",
    "count": "73291",
    "sub": null
  }, {
    "name": "Network Tools",
    "url": "/c/komputer/aksesoris-226/network-tools",
    "count": "28704",
    "sub": null
  }, {
    "name": "Flashdisk",
    "url": "/c/komputer/aksesoris-226/flashdisk",
    "count": "24801",
    "sub": null
  }, {
    "name": "Mouse",
    "url": "/c/komputer/aksesoris-226/mouse",
    "count": "20957",
    "sub": null
  }, {
    "name": "Keyboard",
    "url": "/c/komputer/aksesoris-226/keyboard",
    "count": "17072",
    "sub": null
  }, {
    "name": "Baterai",
    "url": "/c/komputer/aksesoris-226/baterai-240",
    "count": "12307",
    "sub": null
  }, {
    "name": "Tas &amp; Case",
    "url": "/c/komputer/aksesoris-226/tas-case-238",
    "count": "9086",
    "sub": null
  }, {
    "name": "Cooler Fan",
    "url": "/c/komputer/aksesoris-226/cooler-fan",
    "count": "8585",
    "sub": null
  }, {
    "name": "Modem",
    "url": "/c/komputer/aksesoris-226/modem",
    "count": "8301",
    "sub": null
  }, {
    "name": "Speaker &amp; Sound",
    "url": "/c/komputer/aksesoris-226/speaker-sound",
    "count": "7989",
    "sub": null
  }, {
    "name": "Charger",
    "url": "/c/komputer/aksesoris-226/charger-1513",
    "count": "7686",
    "sub": null
  }, {
    "name": "Kabel USB",
    "url": "/c/komputer/aksesoris-226/kabel-usb",
    "count": "4926",
    "sub": null
  }, {
    "name": "Tinta Printer",
    "url": "/c/komputer/aksesoris-226/tinta-printer",
    "count": "4676",
    "sub": null
  }, {
    "name": "Portable HD",
    "url": "/c/komputer/aksesoris-226/portable-hd",
    "count": "2567",
    "sub": null
  }, {
    "name": "Card Reader",
    "url": "/c/komputer/aksesoris-226/card-reader",
    "count": "2525",
    "sub": null
  }, {
    "name": "Optical Drive",
    "url": "/c/komputer/aksesoris-226/optical-drive",
    "count": "1808",
    "sub": null
  }, {
    "name": "WebCam",
    "url": "/c/komputer/aksesoris-226/webcam",
    "count": "1520",
    "sub": null
  }, {
    "name": "MMC",
    "url": "/c/komputer/aksesoris-226/mmc",
    "count": "1407",
    "sub": null
  }, {
    "name": "Laser Pointer",
    "url": "/c/komputer/aksesoris-226/laser-pointer",
    "count": "811",
    "sub": null
  }]
}