{ 
    
    "car": [
        {
            "shape": [ 66.5,4, 64,0.5, 67,-0.5, 68.5,2 ]
        },
        {
            "shape": [ 1.5,13, 9,6.5, 17,4.5, 34,5.5, 37,8.5, 5,23.5, -0.5,19 ]
        },
        {
            "shape": [ 93,36.5, 83,17.5, 98.5,24, 99.5,35 ]
        },
        {
            "shape": [ 64,0.5, 66.5,4, 66.5,9, 60.5,7, 60,0.5 ]
        },
        {
            "shape": [ 68.5,37, 89,34.5, 87.5,41, 82,45.5, 71.5,44, 68.5,41 ]
        },
        {
            "shape": [ 39,45.5, 28.5,44, 25.5,41, 23,33.5, 45.5,34, 44.5,41 ]
        },
        {
            "shape": [ 15,45.5, 6,44.5, 1.5,39, 3.5,28, 23,33.5, 21,41.5 ]
        },
        {
            "shape": [ 83,17.5, 93,36.5, 89,34.5, 58.5,9, 66.5,9, 74.5,10 ]
        },
        {
            "shape": [ 58.5,9, 37,8.5, 45,4.5, 51,4.5, 57,6.5 ]
        },
        {
            "shape": [ 47,33.5, 58.5,9, 89,34.5, 68.5,37, 49,36.5 ]
        },
        {
            "shape": [ 66.5,9, 58.5,9, 60.5,7 ]
        },
        {
            "shape": [ 3.5,28, 6,26.5, 58.5,9, 47,33.5, 45.5,34, 23,33.5 ]
        },
        {
            "shape": [ 58.5,9, 6,26.5, 5,23.5, 37,8.5 ]
        }
    ]
}
